Date,Open,Adj Close,Predicted,Difference,Decision
2018-12-31,3750.0,3102.091309,3104.7382803822265,645.2617196177735,Sell
2019-01-01,3750.0,3102.091309,3104.7382803822265,645.2617196177735,Sell
2019-01-02,3750.0,3085.546875,3088.504958961149,661.495041038851,Sell
2019-01-03,3710.0,3093.818848,3096.6213802600264,613.3786197399736,Sell
2019-01-04,3690.0,3069.002441,3072.2716375400714,617.7283624599286,Sell
2019-01-07,3760.0,3118.635742,3120.971600822109,639.0283991778911,Sell
2019-01-08,3770.0,3143.452148,3145.3213425608687,624.6786574391313,Sell
2019-01-09,3820.0,3085.546875,3088.504958961149,731.495041038851,Sell
2019-01-10,3760.0,3143.452148,3145.3213425608687,614.6786574391313,Sell
2019-01-11,3820.0,3193.086182,3194.0220250590855,625.9779749409145,Sell
2019-01-14,3810.0,3184.813721,3185.9051249368854,624.0948750631146,Sell
2019-01-15,3860.0,3250.991699,3250.8386480704667,609.1613519295333,Sell
2019-01-16,3940.0,3300.625,3299.538611352504,640.4613886474958,Sell
2019-01-17,3970.0,3300.625,3299.538611352504,670.4613886474958,Sell
2019-01-18,4010.0,3325.441895,3323.888832895782,686.1111671042181,Sell
2019-01-21,4040.0,3333.714111,3332.005492625125,707.994507374875,Sell
2019-01-22,4000.0,3308.897461,3307.6555114747043,692.3444885252957,Sell
2019-01-23,3950.0,3242.719238,3242.7217479482665,707.2782520517335,Sell
2019-01-24,3900.0,3193.086182,3194.0220250590855,705.9779749409145,Sell
2019-01-25,3880.0,3209.630371,3210.2551060873066,669.7448939126934,Sell
2019-01-28,3880.0,3126.907959,3129.0882615326477,750.9117384673523,Sell
2019-01-29,3780.0,3176.541504,3177.788464226346,602.2115357736538,Sell
2019-01-30,3850.0,3193.086182,3194.0220250590855,655.9779749409145,Sell
2019-01-31,3900.0,3226.175049,3226.4886669200455,673.5113330799545,Sell
2019-02-01,3910.0,3201.35791,3202.138205965107,707.8617940348931,Sell
2019-02-04,3890.0,3126.907959,3129.0882615326477,760.9117384673523,Sell
2019-02-05,3780.0,3126.907959,3129.0882615326477,650.9117384673523,Sell
2019-02-06,3820.0,3193.086182,3194.0220250590855,625.9779749409145,Sell
2019-02-07,3890.0,3193.086182,3194.0220250590855,695.9779749409145,Sell
2019-02-08,3810.0,3184.813721,3185.9051249368854,624.0948750631146,Sell
2019-02-11,3870.0,3250.991699,3250.8386480704667,619.1613519295333,Sell
2019-02-12,3900.0,3159.99707,3161.5551428052686,738.4448571947314,Sell
2019-02-13,3840.0,3135.180176,3137.2049222431865,702.7950777568135,Sell
2019-02-14,3790.0,3093.818848,3096.6213802600264,693.3786197399736,Sell
2019-02-15,3770.0,3135.180176,3137.2049222431865,632.7950777568135,Sell
2019-02-18,3830.0,3226.175049,3226.4886669200455,603.5113330799545,Sell
2019-02-19,3930.0,3242.719238,3242.7217479482665,687.2782520517335,Sell
2019-02-20,3940.0,3201.35791,3202.138205965107,737.8617940348931,Sell
2019-02-21,3870.0,3201.35791,3202.138205965107,667.8617940348931,Sell
2019-02-22,3870.0,3176.541504,3177.788464226346,692.2115357736538,Sell
2019-02-25,3900.0,3234.446777,3234.604847826067,665.3951521739332,Sell
2019-02-26,3920.0,3250.991699,3250.8386480704667,669.1613519295333,Sell
2019-02-27,3900.0,3234.446777,3234.604847826067,665.3951521739332,Sell
2019-02-28,3880.0,3193.086182,3194.0220250590855,685.9779749409145,Sell
2019-03-01,3890.0,3234.446777,3234.604847826067,655.3951521739332,Sell
2019-03-04,3910.0,3184.813721,3185.9051249368854,724.0948750631146,Sell
2019-03-05,3890.0,3201.35791,3202.138205965107,687.8617940348931,Sell
2019-03-06,3860.0,3159.99707,3161.5551428052686,698.4448571947314,Sell
2019-03-07,3820.0,3159.99707,3161.5551428052686,658.4448571947314,Sell
2019-03-08,3810.0,3093.818848,3096.6213802600264,713.3786197399736,Sell
2019-03-11,3780.0,3143.452148,3145.3213425608687,634.6786574391313,Sell
2019-03-12,3800.0,3110.363281,3112.854700699909,687.1452993000912,Sell
2019-03-13,3730.0,3077.274414,3080.388058838949,649.6119411610512,Sell
2019-03-14,3720.0,3093.818848,3096.6213802600264,623.3786197399736,Sell
2019-03-15,3720.0,3102.091309,3104.7382803822265,615.2617196177735,Sell
2019-03-18,3770.0,3159.99707,3161.5551428052686,608.4448571947314,Sell
2019-03-19,3800.0,3126.907959,3129.0882615326477,670.9117384673523,Sell
2019-03-20,3810.0,3110.363281,3112.854700699909,697.1452993000912,Sell
2019-03-21,3800.0,3135.180176,3137.2049222431865,662.7950777568135,Sell
2019-03-22,3800.0,3143.452148,3145.3213425608687,654.6786574391313,Sell
2019-03-25,3730.0,3135.180176,3137.2049222431865,592.7950777568135,Sell
2019-03-26,3780.0,3159.99707,3161.5551428052686,618.4448571947314,Sell
2019-03-27,3840.0,3159.99707,3161.5551428052686,678.4448571947314,Sell
2019-03-28,3820.0,3209.630371,3210.2551060873066,609.7448939126934,Sell
2019-03-29,3880.0,3275.80835,3275.1886302020825,604.8113697979175,Sell
2019-04-01,3950.0,3250.991699,3250.8386480704667,699.1613519295333,Sell
2019-04-02,3910.0,3250.991699,3250.8386480704667,659.1613519295333,Sell
2019-04-03,3930.0,3250.991699,3250.8386480704667,679.1613519295333,Sell
2019-04-04,3980.0,3333.714111,3332.005492625125,647.994507374875,Sell
2019-04-05,4020.0,3358.530762,3356.3554747567414,663.6445252432586,Sell
2019-04-08,4020.0,3267.535889,3267.0717300798833,752.9282699201167,Sell
2019-04-09,3980.0,3267.535889,3267.0717300798833,712.9282699201167,Sell
2019-04-10,3920.0,3250.991699,3250.8386480704667,669.1613519295333,Sell
2019-04-11,3900.0,3217.902588,3218.3717667978453,681.6282332021547,Sell
2019-04-12,3820.0,3168.269043,3169.6715641041465,650.3284358958535,Sell
2019-04-15,3860.0,3168.269043,3169.6715641041465,690.3284358958535,Sell
2019-04-16,3830.0,3201.35791,3202.138205965107,627.8617940348931,Sell
2019-04-17,3870.0,3201.35791,3202.138205965107,667.8617940348931,Sell
2019-04-18,3920.0,3193.086182,3194.0220250590855,725.9779749409145,Sell
2019-04-19,3860.0,3193.086182,3194.0220250590855,665.9779749409145,Sell
2019-04-22,3860.0,3126.907959,3129.0882615326477,730.9117384673523,Sell
2019-04-23,3780.0,3184.813721,3185.9051249368854,594.0948750631146,Sell
2019-04-24,3850.0,3176.541504,3177.788464226346,672.2115357736538,Sell
2019-04-25,3800.0,3168.269043,3169.6715641041465,630.3284358958535,Sell
2019-04-26,3800.0,3234.446777,3234.604847826067,565.3951521739332,Sell
2019-04-29,3850.0,3193.086182,3194.0220250590855,655.9779749409145,Sell
2019-04-30,3890.0,3135.180176,3137.2049222431865,752.7950777568135,Sell
2019-05-01,3790.0,3135.180176,3137.2049222431865,652.7950777568135,Sell
2019-05-02,3760.0,3168.269043,3169.6715641041465,590.3284358958535,Sell
2019-05-03,3800.0,3159.99707,3161.5551428052686,638.4448571947314,Sell
2019-05-06,3760.0,3176.541504,3177.788464226346,582.2115357736538,Sell
2019-05-07,3870.0,3226.175049,3226.4886669200455,643.5113330799545,Sell
2019-05-08,3890.0,3226.175049,3226.4886669200455,663.5113330799545,Sell
2019-05-09,3860.0,3143.452148,3145.3213425608687,714.6786574391313,Sell
2019-05-10,3800.0,3135.180176,3137.2049222431865,662.7950777568135,Sell
2019-05-13,3820.0,3118.635742,3120.971600822109,699.0283991778911,Sell
2019-05-14,3730.0,3110.363281,3112.854700699909,617.1452993000912,Sell
2019-05-15,3770.0,3027.640869,3031.68785614525,738.31214385475,Sell
2019-05-16,3660.0,2978.007568,2982.9878928632124,677.0121071367876,Sell
2019-05-17,3610.0,2903.557373,2909.937709019093,700.0622909809072,Sell
2019-05-20,3520.0,2978.007568,2982.9878928632124,537.0121071367876,Sell
2019-05-21,3600.0,2978.007568,2982.9878928632124,617.0121071367876,Sell
2019-05-22,3590.0,2928.374023,2934.2876901695136,655.7123098304864,Sell
2019-05-23,3540.0,3027.640869,3031.68785614525,508.31214385475005,Sell
2019-05-24,3700.0,3102.091309,3104.7382803822265,595.2617196177735,Sell
2019-05-27,3760.0,3159.99707,3161.5551428052686,598.4448571947314,Sell
2019-05-28,3800.0,3052.458008,3056.038317100189,743.961682899811,Sell
2019-05-29,3750.0,3126.907959,3129.0882615326477,620.9117384673523,Sell
2019-05-30,3780.0,3126.907959,3129.0882615326477,650.9117384673523,Sell
2019-05-31,3780.0,3226.175049,3226.4886669200455,553.5113330799545,Sell
2019-06-03,3900.0,3226.175049,3226.4886669200455,673.5113330799545,Sell
2019-06-04,3900.0,3226.175049,3226.4886669200455,673.5113330799545,Sell
2019-06-05,3900.0,3226.175049,3226.4886669200455,673.5113330799545,Sell
2019-06-06,3900.0,3226.175049,3226.4886669200455,673.5113330799545,Sell
2019-06-07,3900.0,3226.175049,3226.4886669200455,673.5113330799545,Sell
2019-06-10,4000.0,3341.986328,3340.122153335664,659.8778466643362,Sell
2019-06-11,4010.0,3325.441895,3323.888832895782,686.1111671042181,Sell
2019-06-12,3880.0,3304.147217,3302.9945942332592,577.0054057667408,Sell
2019-06-13,3940.0,3346.078125,3344.1370054539534,595.8629945460466,Sell
2019-06-14,4020.0,3346.078125,3344.1370054539534,675.8629945460466,Sell
2019-06-17,3950.0,3270.602783,3270.080952158219,679.9190478417809,Sell
2019-06-18,3890.0,3337.691895,3335.9084757199607,554.0915242800393,Sell
2019-06-20,4110.0,3388.009033,3385.2794166746476,724.7205833253524,Sell
2019-06-21,4010.0,3388.009033,3385.2794166746476,624.7205833253524,Sell
2019-06-24,4050.0,3337.691895,3335.9084757199607,714.0915242800393,Sell
2019-06-25,4040.0,3362.850342,3360.593826491474,679.4061735085261,Sell
2019-06-26,4020.0,3337.691895,3335.9084757199607,684.0915242800393,Sell
2019-06-27,4010.0,3429.939697,3426.421588483681,583.5784115163192,Sell
2019-06-28,4100.0,3471.870361,3467.563760292714,632.436239707286,Sell
2019-07-01,4200.0,3538.959961,3533.391762677778,666.6082373222221,Sell
2019-07-02,4240.0,3564.118164,3558.0768740376298,681.9231259623702,Sell
2019-07-03,4160.0,3555.731934,3549.848344303637,610.1516556963629,Sell
2019-07-04,4190.0,3564.118164,3558.0768740376298,631.9231259623702,Sell
2019-07-05,4260.0,3589.276611,3582.762224809143,677.2377751908571,Sell
2019-07-08,4230.0,3580.890625,3574.533934486811,655.4660655131888,Sell
2019-07-09,4300.0,3647.97998,3640.3616964790185,659.6383035209815,Sell
2019-07-10,4310.0,3597.662842,3590.9907555243317,719.0092444756683,Sell
2019-07-11,4250.0,3580.890625,3574.533934486811,675.4660655131888,Sell
2019-07-12,4240.0,3505.415039,3500.4776417794155,739.5223582205845,Sell
2019-07-15,4250.0,3589.276611,3582.762224809143,667.2377751908571,Sell
2019-07-16,4240.0,3555.731934,3549.848344303637,690.1516556963629,Sell
2019-07-17,4250.0,3547.345947,3541.6200530001097,708.3799469998903,Sell
2019-07-18,4220.0,3555.731934,3549.848344303637,670.1516556963629,Sell
2019-07-19,4260.0,3580.890625,3574.533934486811,685.4660655131888,Sell
2019-07-22,4250.0,3572.504395,3566.305404752818,683.694595247182,Sell
2019-07-23,4260.0,3564.118164,3558.0768740376298,701.9231259623702,Sell
2019-07-24,4230.0,3513.80127,3508.706172494604,721.2938275053962,Sell
2019-07-25,4160.0,3530.573486,3525.1629925509283,634.8370074490717,Sell
2019-07-26,4160.0,3488.642578,3484.020581330234,675.9794186697659,Sell
2019-07-29,4150.0,3522.187256,3516.9344628169356,633.0655371830644,Sell
2019-07-30,4280.0,3580.890625,3574.533934486811,705.4660655131888,Sell
2019-07-31,4240.0,3606.049316,3599.2195246699853,640.7804753300147,Sell
2019-08-01,4300.0,3589.276611,3582.762224809143,717.2377751908571,Sell
2019-08-02,4280.0,3589.276611,3582.762224809143,697.2377751908571,Sell
2019-08-05,4200.0,3421.553467,3418.193058749688,781.8069412503119,Sell
2019-08-06,4060.0,3463.484131,3459.3352305587214,600.6647694412786,Sell
2019-08-07,4230.0,3530.573486,3525.1629925509283,704.8370074490717,Sell
2019-08-08,4270.0,3572.504395,3566.305404752818,703.694595247182,Sell
2019-08-09,4300.0,3572.504395,3566.305404752818,733.694595247182,Sell
2019-08-12,4300.0,3572.504395,3566.305404752818,733.694595247182,Sell
2019-08-13,4290.0,3564.118164,3558.0768740376298,731.9231259623702,Sell
2019-08-14,4300.0,3597.662842,3590.9907555243317,709.0092444756683,Sell
2019-08-15,4200.0,3597.662842,3590.9907555243317,609.0092444756683,Sell
2019-08-16,4300.0,3589.276611,3582.762224809143,717.2377751908571,Sell
2019-08-19,4340.0,3639.59375,3632.1331667450254,707.8668332549746,Sell
2019-08-20,4350.0,3748.614014,3739.103340939123,610.896659060877,Sell
2019-08-21,4460.0,3698.296631,3689.732159591579,770.2678404084209,Sell
2019-08-22,4380.0,3731.841553,3722.6462804899415,657.3537195100585,Sell
2019-08-23,4390.0,3673.138184,3665.0468088200655,724.9531911799345,Sell
2019-08-26,4280.0,3631.20752,3623.9046370110327,656.0953629889673,Sell
2019-08-27,4390.0,3673.138184,3665.0468088200655,724.9531911799345,Sell
2019-08-28,4430.0,3664.752197,3656.8185175165386,773.1814824834614,Sell
2019-08-29,4370.0,3673.138184,3665.0468088200655,704.9531911799345,Sell
2019-08-30,4430.0,3731.841553,3722.6462804899415,707.3537195100585,Sell
2019-09-02,4440.0,3698.296631,3689.732159591579,750.2678404084209,Sell
2019-09-03,4440.0,3647.97998,3640.3616964790185,799.6383035209815,Sell
2019-09-04,4310.0,3597.662842,3590.9907555243317,719.0092444756683,Sell
2019-09-05,4290.0,3622.821289,3615.6761062958444,674.3238937041556,Sell
2019-09-06,4360.0,3530.573486,3525.1629925509283,834.8370074490717,Sell
2019-09-09,4280.0,3580.890625,3574.533934486811,705.4660655131888,Sell
2019-09-10,4300.0,3580.890625,3574.533934486811,725.4660655131888,Sell
2019-09-11,4300.0,3564.118164,3558.0768740376298,741.9231259623702,Sell
2019-09-12,4220.0,3497.029053,3492.249351457084,727.7506485429162,Sell
2019-09-13,4230.0,3488.642578,3484.020581330234,745.9794186697659,Sell
2019-09-16,4160.0,3538.959961,3533.391762677778,626.6082373222221,Sell
2019-09-17,4240.0,3580.890625,3574.533934486811,665.4660655131888,Sell
2019-09-18,4250.0,3564.118164,3558.0768740376298,691.9231259623702,Sell
2019-09-19,4260.0,3530.573486,3525.1629925509283,734.8370074490717,Sell
2019-09-20,4250.0,3597.662842,3590.9907555243317,659.0092444756683,Sell
2019-09-23,4290.0,3564.118164,3558.0768740376298,731.9231259623702,Sell
2019-09-24,4210.0,3530.573486,3525.1629925509283,684.8370074490717,Sell
2019-09-25,4220.0,3538.959961,3533.391762677778,686.6082373222221,Sell
2019-09-26,4220.0,3656.365723,3648.5897483708845,571.4102516291155,Sell
2019-09-27,4310.0,3614.435303,3607.4478159735127,702.5521840264873,Sell
2019-09-30,4270.0,3614.435303,3607.4478159735127,662.5521840264873,Sell
2019-10-01,4400.0,3564.118164,3558.0768740376298,841.9231259623702,Sell
2019-10-02,4260.0,3522.187256,3516.9344628169356,743.0655371830644,Sell
2019-10-03,4190.0,3522.187256,3516.9344628169356,673.0655371830644,Sell
2019-10-04,4250.0,3513.80127,3508.706172494604,741.2938275053962,Sell
2019-10-07,4240.0,3446.711914,3442.8784095212013,797.1215904787987,Sell
2019-10-08,4170.0,3429.939697,3426.421588483681,743.5784115163192,Sell
2019-10-09,4090.0,3455.098145,3451.106940236389,638.8930597636108,Sell
2019-10-10,4060.0,3446.711914,3442.8784095212013,617.1215904787987,Sell
2019-10-11,4100.0,3497.029053,3492.249351457084,607.7506485429162,Sell
2019-10-14,4200.0,3513.80127,3508.706172494604,691.2938275053962,Sell
2019-10-15,4190.0,3497.029053,3492.249351457084,697.7506485429162,Sell
2019-10-16,4170.0,3497.029053,3492.249351457084,677.7506485429162,Sell
2019-10-17,4160.0,3497.029053,3492.249351457084,667.7506485429162,Sell
2019-10-18,4170.0,3513.80127,3508.706172494604,661.2938275053962,Sell
2019-10-21,4200.0,3522.187256,3516.9344628169356,683.0655371830644,Sell
2019-10-22,4200.0,3547.345947,3541.6200530001097,658.3799469998903,Sell
2019-10-23,4210.0,3572.504395,3566.305404752818,643.694595247182,Sell
2019-10-24,4300.0,3647.97998,3640.3616964790185,659.6383035209815,Sell
2019-10-25,4320.0,3589.276611,3582.762224809143,737.2377751908571,Sell
2019-10-28,4280.0,3572.504395,3566.305404752818,713.694595247182,Sell
2019-10-29,4230.0,3631.20752,3623.9046370110327,606.0953629889673,Sell
2019-10-30,4290.0,3580.890625,3574.533934486811,715.4660655131888,Sell
2019-10-31,4220.0,3446.711914,3442.8784095212013,777.1215904787987,Sell
2019-11-01,4090.0,3421.553467,3418.193058749688,671.8069412503119,Sell
2019-11-04,4080.0,3480.256836,3475.7925304195637,604.2074695804363,Sell
2019-11-05,4170.0,3522.187256,3516.9344628169356,653.0655371830644,Sell
2019-11-06,4180.0,3455.098145,3451.106940236389,728.8930597636108,Sell
2019-11-07,4150.0,3413.16748,3409.964767446161,740.0352325538388,Sell
2019-11-08,4010.0,3446.711914,3442.8784095212013,567.1215904787987,Sell
2019-11-11,4040.0,3438.325684,3434.649879787208,605.3501202127918,Sell
2019-11-12,4050.0,3505.415039,3500.4776417794155,549.5223582205845,Sell
2019-11-13,4130.0,3480.256836,3475.7925304195637,654.2074695804363,Sell
2019-11-14,4110.0,3396.39502,3393.507707978175,716.492292021825,Sell
2019-11-15,4080.0,3421.553467,3418.193058749688,661.8069412503119,Sell
2019-11-18,4040.0,3354.464355,3352.3655351879465,687.6344648120535,Sell
2019-11-19,4000.0,3371.236572,3368.8223562254666,631.1776437745334,Sell
2019-11-20,4000.0,3429.939697,3426.421588483681,573.5784115163192,Sell
2019-11-21,4050.0,3371.236572,3368.8223562254666,681.1776437745334,Sell
2019-11-22,4030.0,3396.39502,3393.507707978175,636.492292021825,Sell
2019-11-25,4070.0,3312.533203,3311.222884555591,758.777115444409,Sell
2019-11-26,3950.0,3237.058105,3237.1670706715176,712.8329293284824,Sell
2019-11-27,3870.0,3253.830322,3253.6238917090377,616.3761082909623,Sell
2019-11-28,3830.0,3203.513428,3204.253190166012,625.7468098339882,Sell
2019-11-29,3860.0,3295.760986,3294.766063518071,565.233936481929,Sell
2019-12-02,3960.0,3312.533203,3311.222884555591,648.777115444409,Sell
2019-12-03,3920.0,3287.375,3286.537773195739,633.4622268042608,Sell
2019-12-04,3920.0,3346.078125,3344.1370054539534,575.8629945460466,Sell
2019-12-05,3990.0,3404.781006,3401.735998300507,588.2640016994928,Sell
2019-12-06,4040.0,3438.325684,3434.649879787208,605.3501202127918,Sell
2019-12-09,4080.0,3413.16748,3409.964767446161,670.0352325538388,Sell
2019-12-10,4050.0,3388.009033,3385.2794166746476,664.7205833253524,Sell
2019-12-11,4010.0,3396.39502,3393.507707978175,616.492292021825,Sell
2019-12-12,4040.0,3312.533203,3311.222884555591,728.777115444409,Sell
2019-12-13,4000.0,3346.078125,3344.1370054539534,655.8629945460466,Sell
2019-12-16,3970.0,3329.305664,3327.6799450047724,642.3200549952276,Sell
2019-12-17,3970.0,3337.691895,3335.9084757199607,634.0915242800393,Sell
2019-12-18,3960.0,3346.078125,3344.1370054539534,615.8629945460466,Sell
2019-12-19,3970.0,3270.602783,3270.080952158219,699.9190478417809,Sell
2019-12-20,3900.0,3371.236572,3368.8223562254666,531.1776437745334,Sell
2019-12-23,4020.0,3371.236572,3368.8223562254666,651.1776437745334,Sell
2019-12-26,4020.0,3354.464355,3352.3655351879465,667.6344648120535,Sell
2019-12-27,3990.0,3346.078125,3344.1370054539534,645.8629945460466,Sell
2019-12-30,3980.0,3329.305664,3327.6799450047724,652.3200549952276,Sell
2020-01-02,3970.0,3278.988525,3278.30900306889,691.69099693111,Sell
2020-01-03,3960.0,3337.691895,3335.9084757199607,624.0915242800393,Sell
2020-01-06,3930.0,3320.919434,3319.4514152707793,610.5485847292207,Sell
2020-01-07,3930.0,3304.147217,3302.9945942332592,627.0054057667408,Sell
2020-01-08,3920.0,3270.602783,3270.080952158219,649.9190478417809,Sell
2020-01-09,3920.0,3320.919434,3319.4514152707793,600.5485847292207,Sell
2020-01-10,3980.0,3337.691895,3335.9084757199607,644.0915242800393,Sell
2020-01-13,4000.0,3379.622803,3377.0508869406553,622.9491130593447,Sell
2020-01-14,3980.0,3312.533203,3311.222884555591,668.777115444409,Sell
2020-01-15,3960.0,3253.830322,3253.6238917090377,706.3761082909623,Sell
2020-01-16,3890.0,3228.671875,3228.938540937525,661.061459062475,Sell
2020-01-17,3860.0,3195.126953,3196.024420039162,663.9755799608379,Sell
2020-01-20,3820.0,3195.126953,3196.024420039162,623.9755799608379,Sell
2020-01-21,3810.0,3262.216553,3261.8524224242265,548.1475775757735,Sell
2020-01-22,3890.0,3237.058105,3237.1670706715176,652.8329293284824,Sell
2020-01-23,3860.0,3253.830322,3253.6238917090377,606.3761082909623,Sell
2020-01-24,3880.0,3287.375,3286.537773195739,593.4622268042608,Sell
2020-01-27,3920.0,3220.285889,3220.710250615193,699.2897493848068,Sell
2020-01-28,3810.0,3211.899414,3212.4814804883435,597.5185195116565,Sell
2020-01-29,3840.0,3270.602783,3270.080952158219,569.9190478417809,Sell
2020-01-30,3910.0,3237.058105,3237.1670706715176,672.8329293284824,Sell
2020-01-31,3890.0,3186.740723,3187.7958903051695,702.2041096948305,Sell
2020-02-03,3800.0,3136.424072,3138.425427192609,661.5745728073912,Sell
2020-02-04,3810.0,3153.196045,3154.882008818468,655.117991181532,Sell
2020-02-05,3760.0,3161.58252,3163.110778945317,596.8892210546828,Sell
2020-02-06,3800.0,3153.196045,3154.882008818468,645.117991181532,Sell
2020-02-07,3780.0,3178.35498,3179.5678384133034,600.4321615866966,Sell
2020-02-10,3800.0,3195.126953,3196.024420039162,603.9755799608379,Sell
2020-02-11,3810.0,3178.35498,3179.5678384133034,630.4321615866966,Sell
2020-02-12,3800.0,3203.513428,3204.253190166012,595.7468098339882,Sell
2020-02-13,3820.0,3128.037842,3130.196897458616,689.8031025413839,Sell
2020-02-14,3680.0,3052.5625,3056.1408441628814,623.8591558371186,Sell
2020-02-17,3630.0,3027.403809,3031.4552539797073,598.5447460202927,Sell
2020-02-18,3590.0,3035.790039,3039.6837837137004,550.3162162862996,Sell
2020-02-19,3620.0,3035.790039,3039.6837837137004,580.3162162862996,Sell
2020-02-20,3620.0,3044.17627,3047.9123144288887,572.0876855711113,Sell
2020-02-21,3650.0,3094.493408,3097.2832553835756,552.7167446164244,Sell
2020-02-24,3670.0,3052.5625,3056.1408441628814,613.8591558371186,Sell
2020-02-25,3600.0,3010.631592,3014.9984329421873,585.0015670578127,Sell
2020-02-26,3530.0,2943.542236,2949.1706699687843,580.8293300312157,Sell
2020-02-27,3510.0,2909.997559,2916.2567894632784,593.7432105367216,Sell
2020-02-28,3390.0,2926.77002,2932.71384991246,457.28615008754014,Sell
2020-03-02,3470.0,2884.839355,2891.5716771222314,578.4283228777686,Sell
2020-03-03,3510.0,3035.790039,3039.6837837137004,470.31621628629955,Sell
2020-03-04,3640.0,3211.899414,3212.4814804883435,427.51851951165645,Sell
2020-03-05,3820.0,3211.899414,3212.4814804883435,607.5185195116565,Sell
2020-03-06,3730.0,3144.810303,3146.6539579077976,583.3460420922024,Sell
2020-03-09,3560.0,2935.156006,2940.9421402347916,619.0578597652084,Sell
2020-03-10,3480.0,2926.77002,2932.71384991246,547.2861500875401,Sell
2020-03-11,3470.0,2851.294434,2858.657557205064,611.3424427949358,Sell
2020-03-12,3300.0,2775.819336,2784.601743320991,515.3982566790091,Sell
2020-03-13,3310.0,2775.819336,2784.601743320991,525.3982566790091,Sell
2020-03-16,3300.0,2650.026855,2661.1747480893737,638.8252519106263,Sell
2020-03-17,3160.0,2465.53125,2480.1485215807375,679.8514784192625,Sell
2020-03-18,3010.0,2356.510986,2373.1783473866403,636.8216526133597,Sell
2020-03-19,2810.0,2197.174072,2216.837711061178,593.1622889388218,Sell
2020-03-20,2660.0,2415.213867,2430.7773402331936,229.22265976680637,Sell
2020-03-23,2880.0,2247.490967,2266.2084135854,613.7915864145998,Sell
2020-03-24,2700.0,2197.174072,2216.837711061178,483.1622889388218,Sell
2020-03-26,2550.0,2499.075684,2513.0621636557776,36.93783634422243,Sell
2020-03-27,3050.0,2591.32373,2603.5755158311595,446.42448416884054,Sell
2020-03-30,3060.0,2633.254395,2644.717688621388,415.2823113786121,Sell
2020-03-31,3180.0,2650.026855,2661.1747480893737,518.8252519106263,Sell
2020-04-01,3180.0,2599.709717,2611.803807134687,568.1961928653132,Sell
2020-04-02,3100.0,2624.868164,2636.4891579061996,463.5108420938004,Sell
2020-04-03,3150.0,2683.571533,2694.0886295760747,455.9113704239253,Sell
2020-04-06,3280.0,2792.591309,2801.0583249468496,478.94167505315045,Sell
2020-04-07,3390.0,2700.34375,2710.545450613595,679.4545493864048,Sell
2020-04-08,3220.0,2608.095947,2620.032336868679,599.9676631313209,Sell
2020-04-09,3110.0,2616.482178,2628.260867583868,481.7391324161322,Sell
2020-04-13,3140.0,2666.798828,2677.631329715233,462.3686702847672,Sell
2020-04-14,3200.0,2717.116211,2727.0025110627766,472.99748893722335,Sell
2020-04-15,3250.0,2608.095947,2620.032336868679,629.9676631313209,Sell
2020-04-16,3110.0,2515.8479,2529.518983712103,580.4810162878971,Sell
2020-04-17,3050.0,2708.72998,2718.7739803475883,331.22601965241165,Sell
2020-04-20,3270.0,2616.482178,2628.260867583868,641.7391324161322,Sell
2020-04-21,3120.0,2574.55127,2587.118456363173,532.8815436368268,Sell
2020-04-22,3050.0,2650.026855,2661.1747480893737,388.8252519106263,Sell
2020-04-23,3200.0,2574.55127,2587.118456363173,612.8815436368268,Sell
2020-04-24,3100.0,2591.32373,2603.5755158311595,496.42448416884054,Sell
2020-04-27,3120.0,2641.640381,2652.9459789437196,467.05402105628036,Sell
2020-04-28,3170.0,2650.026855,2661.1747480893737,508.8252519106263,Sell
2020-04-29,3200.0,2809.36377,2817.515385396031,382.484614603969,Sell
2020-04-30,3400.0,2935.156006,2940.9421402347916,459.0578597652084,Sell
2020-05-04,3400.0,2784.205078,2792.8297942316613,607.1702057683387,Sell
2020-05-05,3320.0,2784.205078,2792.8297942316613,527.1702057683387,Sell
2020-05-06,3300.0,2717.116211,2727.0025110627766,572.9974889372234,Sell
2020-05-08,3270.0,2675.185059,2685.8598604304207,584.1401395695793,Sell
2020-05-11,3220.0,2700.34375,2710.545450613595,509.4545493864048,Sell
2020-05-12,3270.0,2641.640381,2652.9459789437196,617.0540210562804,Sell
2020-05-13,3150.0,2650.026855,2661.1747480893737,488.8252519106263,Sell
2020-05-14,3110.0,2574.55127,2587.118456363173,522.8815436368268,Sell
2020-05-15,3100.0,2599.709717,2611.803807134687,488.19619286531315,Sell
2020-05-18,3100.0,2700.34375,2710.545450613595,389.4545493864048,Sell
2020-05-19,3250.0,2742.274658,2751.6878618342894,498.3121381657106,Sell
2020-05-20,3200.0,2666.798828,2677.631329715233,522.3686702847672,Sell
2020-05-26,3150.0,2725.502197,2735.230801385108,414.76919861489205,Sell
2020-05-27,3250.0,2658.412842,2669.403039392901,580.5969606070989,Sell
2020-05-28,3180.0,2624.868164,2636.4891579061996,543.5108420938004,Sell
2020-05-29,3100.0,2641.640381,2652.9459789437196,447.05402105628036,Sell
2020-06-02,3160.0,2725.502197,2735.230801385108,424.76919861489205,Sell
2020-06-03,3280.0,2759.046875,2768.1446828718094,511.85531712819056,Sell
2020-06-04,3320.0,2767.432861,2776.372973194141,543.6270268058588,Sell
2020-06-05,3360.0,2708.72998,2718.7739803475883,641.2260196524117,Sell
2020-06-08,3250.0,2708.72998,2718.7739803475883,531.2260196524117,Sell
2020-06-09,3250.0,2633.254395,2644.717688621388,605.2823113786121,Sell
2020-06-10,3150.0,2608.095947,2620.032336868679,529.9676631313209,Sell
2020-06-11,3120.0,2582.9375,2595.3469860971663,524.6530139028337,Sell
2020-06-12,3080.0,2541.006348,2554.204335464811,525.7956645351892,Sell
2020-06-15,3060.0,2591.32373,2603.5755158311595,456.42448416884054,Sell
2020-06-16,3150.0,2683.571533,2694.0886295760747,455.9113704239253,Sell
2020-06-17,3210.0,2691.95752,2702.316920879602,507.6830791203979,Sell
2020-06-18,3210.0,2750.660645,2759.9161531378168,450.08384686218324,Sell
2020-06-19,3300.0,2750.660645,2759.9161531378168,540.0838468621832,Sell
2020-06-22,3290.0,2683.571533,2694.0886295760747,595.9113704239253,Sell
2020-06-23,3200.0,2624.868164,2636.4891579061996,563.5108420938004,Sell
2020-06-24,3150.0,2666.798828,2677.631329715233,472.3686702847672,Sell
2020-06-25,3160.0,2650.026855,2661.1747480893737,498.8252519106263,Sell
2020-06-26,3190.0,2675.185059,2685.8598604304207,504.14013956957933,Sell
2020-06-29,3200.0,2666.798828,2677.631329715233,522.3686702847672,Sell
2020-06-30,3090.0,2688.010742,2698.4443607272487,391.55563927275125,Sell
2020-07-01,3070.0,2679.19751,2689.796858623851,380.2031413761488,Sell
2020-07-02,3040.0,2767.328857,2776.270924954771,263.7290750452289,Sell
2020-07-03,3150.0,2749.702637,2758.9761601596365,391.0238398403635,Sell
2020-07-06,3130.0,2688.010742,2698.4443607272487,431.55563927275125,Sell
2020-07-07,3060.0,2749.702637,2758.9761601596365,301.0238398403635,Sell
2020-07-08,3130.0,2776.14209,2784.9184280393642,345.08157196063576,Sell
2020-07-09,3170.0,2740.889648,2750.3288964867043,419.67110351329575,Sell
2020-07-10,3110.0,2740.889648,2750.3288964867043,359.67110351329575,Sell
2020-07-13,3120.0,2723.263184,2733.0338922799087,386.96610772009126,Sell
2020-07-14,3100.0,2714.450195,2724.3866286069765,375.6133713930235,Sell
2020-07-15,3120.0,2723.263184,2733.0338922799087,386.96610772009126,Sell
2020-07-16,3090.0,2732.076416,2741.6813943833067,348.3186056166933,Sell
2020-07-17,3100.0,2696.823975,2707.091863811842,392.9081361881581,Sell
2020-07-20,3080.0,2696.823975,2707.091863811842,372.9081361881581,Sell
2020-07-21,3050.0,2696.823975,2707.091863811842,342.9081361881581,Sell
2020-07-22,3070.0,2705.636963,2715.739126503579,354.260873496421,Sell
2020-07-23,3070.0,2705.636963,2715.739126503579,354.260873496421,Sell
2020-07-24,3080.0,2661.571289,2672.502092847521,407.497907152479,Sell
2020-07-27,3020.0,2679.19751,2689.796858623851,330.2031413761488,Sell
2020-07-28,3050.0,2661.571289,2672.502092847521,377.497907152479,Sell
2020-07-29,3030.0,2643.944824,2655.2070876595303,374.7929123404697,Sell
2020-07-30,3040.0,2688.010742,2698.4443607272487,341.55563927275125,Sell
2020-08-03,3060.0,2573.439941,2586.028025535406,473.97197446459404,Sell
2020-08-04,2970.0,2599.87915,2611.970054003473,358.0299459965272,Sell
2020-08-05,2960.0,2661.571289,2672.502092847521,287.497907152479,Sell
2020-08-06,3050.0,2661.571289,2672.502092847521,377.497907152479,Sell
2020-08-07,3020.0,2626.318604,2637.9123228643957,382.0876771356043,Sell
2020-08-10,3000.0,2617.505615,2629.2650591914635,370.7349408085365,Sell
2020-08-11,2980.0,2582.252686,2594.675049796677,385.32495020332317,Sell
2020-08-12,2930.0,2599.87915,2611.970054003473,318.0299459965272,Sell
2020-08-13,2950.0,2652.758057,2663.8545907441235,286.14540925587653,Sell
2020-08-14,3020.0,2670.384277,2681.149355539258,338.85064446074193,Sell
2020-08-18,3030.0,2688.010742,2698.4443607272487,331.55563927275125,Sell
2020-08-19,3050.0,2643.944824,2655.2070876595303,394.7929123404697,Sell
2020-08-24,3010.0,2643.944824,2655.2070876595303,354.7929123404697,Sell
2020-08-25,3010.0,2626.318604,2637.9123228643957,372.0876771356043,Sell
2020-08-26,2980.0,2661.571289,2672.502092847521,307.497907152479,Sell
2020-08-27,3020.0,2635.131592,2646.5595855561323,373.44041444386767,Sell
2020-08-28,2990.0,2608.692383,2620.617557088066,369.38244291193405,Sell
2020-08-31,2960.0,2520.560791,2534.143250364289,425.8567496357109,Sell
2020-09-01,2900.0,2555.813477,2568.7330213286104,331.26697867138955,Sell
2020-09-02,2900.0,2599.87915,2611.970054003473,288.0299459965272,Sell
2020-09-03,2950.0,2555.813477,2568.7330213286104,381.26697867138955,Sell
2020-09-04,2850.0,2520.560791,2534.143250364289,315.8567496357109,Sell
2020-09-07,2870.0,2555.813477,2568.7330213286104,301.26697867138955,Sell
2020-09-08,2890.0,2520.560791,2534.143250364289,355.8567496357109,Sell
2020-09-09,2850.0,2467.681885,2482.2587146048336,367.7412853951664,Sell
2020-09-10,2800.0,2379.550293,2395.784407881057,404.2155921189428,Sell
2020-09-11,2670.0,2476.495117,2490.9062167082316,179.09378329176843,Sell
2020-09-14,2830.0,2547.000244,2560.085518244017,269.91448175598316,Sell
2020-09-15,2890.0,2494.121094,2508.2007430729004,381.7992569270996,Sell
2020-09-16,2810.0,2458.868652,2473.6112115202404,336.38878847975957,Sell
2020-09-17,2810.0,2485.30835,2499.5537197928247,310.4462802071753,Sell
2020-09-18,2850.0,2547.000244,2560.085518244017,289.91448175598316,Sell
2020-09-21,2890.0,2476.495117,2490.9062167082316,399.09378329176843,Sell
2020-09-22,2790.0,2450.055664,2464.963948828504,325.0360511714962,Sell
2020-09-23,2770.0,2467.681885,2482.2587146048336,287.7412853951664,Sell
2020-09-24,2750.0,2405.98999,2421.7269151724463,328.2730848275537,Sell
2020-09-25,2720.0,2370.737061,2387.136905777659,332.8630942223408,Sell
2020-09-28,2710.0,2344.297852,2361.194877309593,348.8051226904072,Sell
2020-09-29,2690.0,2317.858398,2335.2526084486694,354.74739155133057,Sell
2020-09-30,2630.0,2256.16626,2274.7205705858164,355.2794294141836,Sell
2020-10-01,2600.0,2423.616211,2439.021680948776,160.97831905122393,Sell
2020-10-02,2750.0,2361.924072,2378.489642104727,371.51035789527305,Sell
2020-10-05,2690.0,2335.484619,2352.5473742249997,337.45262577500034,Sell
2020-10-06,2680.0,2335.484619,2352.5473742249997,327.45262577500034,Sell
2020-10-07,2650.0,2344.297852,2361.194877309593,288.8051226904072,Sell
2020-10-08,2670.0,2379.550293,2395.784407881057,274.2155921189428,Sell
2020-10-09,2710.0,2405.98999,2421.7269151724463,288.2730848275537,Sell
2020-10-12,2750.0,2405.98999,2421.7269151724463,328.2730848275537,Sell
2020-10-13,2730.0,2405.98999,2421.7269151724463,308.2730848275537,Sell
2020-10-14,2730.0,2476.495117,2490.9062167082316,239.09378329176843,Sell
2020-10-15,2800.0,2450.055664,2464.963948828504,335.0360511714962,Sell
2020-10-16,2780.0,2423.616211,2439.021680948776,340.97831905122393,Sell
2020-10-19,2800.0,2388.363525,2404.431909984455,395.56809001554484,Sell
2020-10-20,2710.0,2353.111084,2369.842379412991,340.1576205870092,Sell
2020-10-21,2680.0,2361.924072,2378.489642104727,301.51035789527305,Sell
2020-10-22,2670.0,2379.550293,2395.784407881057,274.2155921189428,Sell
2020-10-23,2710.0,2317.858398,2335.2526084486694,374.74739155133057,Sell
2020-10-26,2630.0,2335.484619,2352.5473742249997,277.45262577500034,Sell
2020-10-27,2640.0,2309.04541,2326.6053457569333,313.3946542430667,Sell
2020-11-02,2590.0,2256.16626,2274.7205705858164,315.2794294141836,Sell
2020-11-03,2570.0,2273.792725,2292.015575773807,277.9844242261929,Sell
2020-11-04,2600.0,2273.792725,2292.015575773807,307.9844242261929,Sell
2020-11-05,2630.0,2441.242676,2456.3166861367667,173.68331386323325,Sell
2020-11-06,2800.0,2494.121094,2508.2007430729004,291.7992569270996,Sell
2020-11-09,2860.0,2538.187012,2551.438016140619,308.56198385938114,Sell
2020-11-10,2950.0,2520.560791,2534.143250364289,415.8567496357109,Sell
2020-11-11,2900.0,2714.450195,2724.3866286069765,175.6133713930235,Sell
2020-11-12,3080.0,2679.19751,2689.796858623851,390.2031413761488,Sell
2020-11-13,3010.0,2635.131592,2646.5595855561323,363.44041444386767,Sell
2020-11-16,3040.0,2705.636963,2715.739126503579,324.260873496421,Sell
2020-11-17,3100.0,2837.834229,2845.450466883413,254.5495331165871,Sell
2020-11-18,3200.0,2802.581543,2810.860695919092,389.139304080908,Sell
2020-11-19,3150.0,2793.768311,2802.213193815694,347.786806184306,Sell
2020-11-20,3190.0,2837.834229,2845.450466883413,344.5495331165871,Sell
2020-11-23,3230.0,2925.965576,2931.924533214333,298.0754667856668,Sell
2020-11-24,3350.0,2952.405273,2957.867040505722,392.1329594942781,Sell
2020-11-25,3370.0,2890.713135,2897.3350026428684,472.6649973571316,Sell
2020-11-26,3280.0,3058.162842,3061.635873594167,218.36412640583285,Sell
2020-11-27,3480.0,3049.349609,3052.988370509574,427.011629490426,Sell
2020-11-30,3460.0,2846.647461,2854.097968986811,605.9020310131891,Sell
2020-12-01,3230.0,2855.460449,2862.7452316785475,367.2547683214525,Sell
2020-12-02,3270.0,2934.778809,2940.572036298926,329.4279637010741,Sell
2020-12-03,3330.0,2908.339355,2914.629767438003,415.370232561997,Sell
2020-12-04,3270.0,2864.273682,2871.3927347631407,398.60726523685935,Sell
2020-12-07,3280.0,2934.778809,2940.572036298926,339.4279637010741,Sell
2020-12-08,3350.0,2908.339355,2914.629767438003,435.370232561997,Sell
2020-12-10,3270.0,2873.086914,2880.0402368665386,389.95976313346137,Sell
2020-12-11,3270.0,2890.713135,2897.3350026428684,372.6649973571316,Sell
2020-12-14,3300.0,2925.965576,2931.924533214333,368.0754667856668,Sell
2020-12-15,3320.0,3040.536621,3044.3411078178374,275.6588921821626,Sell
2020-12-16,3500.0,3181.546875,3182.699710889408,317.3002891105921,Sell
2020-12-17,3610.0,3119.855225,3122.1681518498767,487.8318481501233,Sell
2020-12-18,3500.0,3093.415527,3096.225643577293,403.7743564227071,Sell
2020-12-21,3530.0,3102.22876,3104.873146661886,425.12685333811396,Sell
2020-12-22,3500.0,2961.218262,2966.5143041786537,533.4856958213463,Sell
2020-12-23,3350.0,2925.965576,2931.924533214333,418.0754667856668,Sell
2020-12-28,3370.0,3022.9104,3027.0463420415076,342.9536579584924,Sell
2020-12-29,3500.0,3014.097168,3018.398839938109,481.6011600618908,Sell
2020-12-30,3420.0,2917.152588,2923.277270522596,496.72272947740385,Sell
2021-01-04,3320.0,3075.789063,3078.9306393704974,241.06936062950263,Sell
2021-01-05,3480.0,3058.162842,3061.635873594167,418.36412640583285,Sell
2021-01-06,3470.0,2970.031494,2975.1618062820517,494.83819371794834,Sell
2021-01-07,3390.0,2987.657715,2992.4565720583814,397.5434279416186,Sell
2021-01-08,3450.0,3146.294434,3148.1101803179436,301.88981968205644,Sell
2021-01-11,3590.0,3172.733887,3174.0524481976713,415.9475518023287,Sell
2021-01-12,3600.0,3093.415527,3096.225643577293,503.7743564227071,Sell
2021-01-13,3550.0,3066.976074,3070.283375697565,479.71662430243487,Sell
2021-01-14,3480.0,3084.602539,3087.578380885556,392.4216191144442,Sell
2021-01-15,3510.0,3066.976074,3070.283375697565,439.71662430243487,Sell
2021-01-18,3480.0,3040.536621,3044.3411078178374,435.6588921821626,Sell
2021-01-19,3470.0,3005.283936,3009.751337834711,460.2486621652888,Sell
2021-01-20,3420.0,3058.162842,3061.635873594167,358.36412640583285,Sell
2021-01-21,3500.0,3066.976074,3070.283375697565,429.71662430243487,Sell
2021-01-22,3420.0,2987.657715,2992.4565720583814,427.5434279416186,Sell
2021-01-25,3370.0,2970.031494,2975.1618062820517,394.83819371794834,Sell
2021-01-26,3360.0,2873.086914,2880.0402368665386,479.95976313346137,Sell
2021-01-27,3340.0,2978.844727,2983.8093093666453,356.19069063335473,Sell
2021-01-28,3280.0,2855.460449,2862.7452316785475,417.2547683214525,Sell
2021-01-29,3290.0,2740.889648,2750.3288964867043,539.6711035132957,Sell
2021-02-01,3130.0,2846.647461,2854.097968986811,275.9020310131891,Sell
2021-02-02,3300.0,2881.899902,2888.6874995582752,411.31250044172475,Sell
2021-02-03,3250.0,2855.460449,2862.7452316785475,387.2547683214525,Sell
2021-02-04,3270.0,2899.526123,2905.9822653346055,364.0177346653945,Sell
2021-02-05,3320.0,2899.526123,2905.9822653346055,414.0177346653945,Sell
2021-02-08,3300.0,2890.713135,2897.3350026428684,402.6649973571316,Sell
2021-02-09,3250.0,2820.208008,2828.155701107083,421.84429889291687,Sell
2021-02-10,3180.0,2811.394775,2819.50819802249,360.49180197751,Sell
2021-02-11,3220.0,2811.394775,2819.50819802249,400.49180197751,Sell
2021-02-15,3200.0,2837.834229,2845.450466883413,354.5495331165871,Sell
2021-02-16,3200.0,2829.02124,2836.803203210481,363.1967967895189,Sell
2021-02-17,3220.0,2776.14209,2784.9184280393642,435.08157196063576,Sell
2021-02-18,3190.0,2802.581543,2810.860695919092,379.139304080908,Sell
2021-02-19,3180.0,2829.02124,2836.803203210481,343.1967967895189,Sell
2021-02-22,3210.0,2793.768311,2802.213193815694,407.786806184306,Sell
2021-02-23,3200.0,3058.162842,3061.635873594167,138.36412640583285,Sell
2021-02-24,3490.0,3066.976074,3070.283375697565,419.71662430243487,Sell
2021-02-25,3510.0,3075.789063,3078.9306393704974,431.0693606295026,Sell
2021-02-26,3450.0,3075.789063,3078.9306393704974,371.0693606295026,Sell
2021-03-01,3490.0,3075.789063,3078.9306393704974,411.0693606295026,Sell
2021-03-02,3490.0,3049.349609,3052.988370509574,437.011629490426,Sell
2021-03-03,3480.0,3031.723389,3035.6936057144394,444.3063942855606,Sell
2021-03-04,3420.0,2961.218262,2966.5143041786537,453.4856958213463,Sell
2021-03-05,3340.0,2925.965576,2931.924533214333,408.0754667856668,Sell
2021-03-08,3360.0,2943.591797,2949.219298990663,410.780701009337,Sell
2021-03-09,3370.0,2899.526123,2905.9822653346055,464.0177346653945,Sell
2021-03-10,3340.0,2996.470947,3001.1040741617794,338.8959258382206,Sell
2021-03-12,3440.0,3040.536621,3044.3411078178374,395.6588921821626,Sell
2021-03-15,3440.0,2978.844727,2983.8093093666453,456.19069063335473,Sell
2021-03-16,3400.0,2961.218262,2966.5143041786537,433.4856958213463,Sell
2021-03-17,3410.0,2987.657715,2992.4565720583814,417.5434279416186,Sell
2021-03-18,3450.0,3040.536621,3044.3411078178374,405.6588921821626,Sell
2021-03-19,3410.0,3031.723389,3035.6936057144394,374.3063942855606,Sell
2021-03-22,3440.0,2978.844727,2983.8093093666453,456.19069063335473,Sell
2021-03-23,3390.0,2961.218262,2966.5143041786537,423.4856958213463,Sell
2021-03-24,3320.0,2970.031494,2975.1618062820517,344.83819371794834,Sell
2021-03-25,3400.0,3005.283936,3009.751337834711,390.2486621652888,Sell
2021-03-26,3410.0,3075.789063,3078.9306393704974,331.0693606295026,Sell
2021-03-29,3470.0,3005.283936,3009.751337834711,460.2486621652888,Sell
2021-03-30,3420.0,2978.844727,2983.8093093666453,436.19069063335473,Sell
2021-03-31,3380.0,3014.097168,3018.398839938109,361.6011600618908,Sell
2021-04-01,3390.0,2987.657715,2992.4565720583814,397.5434279416186,Sell
2021-04-05,3430.0,2978.844727,2983.8093093666453,446.19069063335473,Sell
2021-04-06,3400.0,2970.031494,2975.1618062820517,424.83819371794834,Sell
2021-04-07,3410.0,2996.470947,3001.1040741617794,408.8959258382206,Sell
2021-04-08,3380.0,2987.657715,2992.4565720583814,387.5434279416186,Sell
2021-04-09,3390.0,2961.218262,2966.5143041786537,423.4856958213463,Sell
2021-04-12,3340.0,2917.152588,2923.277270522596,416.72272947740385,Sell
2021-04-13,3340.0,2934.778809,2940.572036298926,399.4279637010741,Sell
2021-04-14,3360.0,2943.591797,2949.219298990663,410.780701009337,Sell
2021-04-15,3340.0,2961.218262,2966.5143041786537,373.4856958213463,Sell
2021-04-16,3370.0,2961.218262,2966.5143041786537,403.4856958213463,Sell
2021-04-19,3330.0,2943.591797,2949.219298990663,380.780701009337,Sell
2021-04-20,3330.0,2925.965576,2931.924533214333,398.0754667856668,Sell
2021-04-21,3290.0,2890.713135,2897.3350026428684,392.6649973571316,Sell
2021-04-22,3290.0,2934.778809,2940.572036298926,349.4279637010741,Sell
2021-04-23,3330.0,2917.152588,2923.277270522596,406.72272947740385,Sell
2021-04-26,3280.0,2864.273682,2871.3927347631407,408.60726523685935,Sell
2021-04-27,3240.0,2784.955322,2793.5659301427618,446.4340698572382,Sell
2021-04-28,3160.0,2767.328857,2776.270924954771,383.7290750452289,Sell
2021-04-29,3150.0,2820.208008,2828.155701107083,321.84429889291687,Sell
2021-04-30,3220.0,2820.208008,2828.155701107083,391.84429889291687,Sell
2021-05-03,3200.0,2793.768311,2802.213193815694,397.786806184306,Sell
2021-05-04,3180.0,2829.02124,2836.803203210481,343.1967967895189,Sell
2021-05-05,3210.0,2820.208008,2828.155701107083,381.84429889291687,Sell
2021-05-06,3200.0,2811.394775,2819.50819802249,380.49180197751,Sell
2021-05-07,3200.0,2811.394775,2819.50819802249,380.49180197751,Sell
2021-05-10,3190.0,2793.768311,2802.213193815694,387.786806184306,Sell
2021-05-11,3170.0,2802.581543,2810.860695919092,359.139304080908,Sell
2021-05-17,3190.0,2811.394775,2819.50819802249,370.49180197751,Sell
2021-05-18,3190.0,2802.581543,2810.860695919092,379.139304080908,Sell
2021-05-19,3150.0,2784.955322,2793.5659301427618,356.4340698572382,Sell
2021-05-20,3190.0,2917.152588,2923.277270522596,266.72272947740385,Sell
2021-05-21,3340.0,2881.899902,2888.6874995582752,451.31250044172475,Sell
2021-05-24,3290.0,2873.086914,2880.0402368665386,409.95976313346137,Sell
2021-05-25,3290.0,2908.339355,2914.629767438003,375.370232561997,Sell
2021-05-27,3350.0,2978.844727,2983.8093093666453,366.19069063335473,Sell
2021-05-28,3380.0,2881.899902,2888.6874995582752,491.31250044172475,Sell
2021-05-31,3300.0,3031.723389,3035.6936057144394,264.3063942855606,Sell
2021-06-02,3490.0,3040.536621,3044.3411078178374,445.6588921821626,Sell
2021-06-03,3420.0,3075.789063,3078.9306393704974,341.0693606295026,Sell
2021-06-04,3490.0,3084.602539,3087.578380885556,402.4216191144442,Sell
2021-06-07,3540.0,3128.668213,3130.815414541614,409.1845854583862,Sell
2021-06-08,3550.0,3084.602539,3087.578380885556,462.4216191144442,Sell
2021-06-09,3340.0,3138.305176,3140.271157657518,199.72884234248204,Sell
2021-06-10,3350.0,3221.623047,3222.022263803723,127.97773619627696,Sell
2021-06-11,3490.0,3212.365723,3212.9390207026863,277.0609792973137,Sell
2021-06-14,3460.0,3156.820557,3158.43836307577,301.5616369242298,Sell
2021-06-15,3410.0,3184.593018,3185.688572183398,224.3114278166022,Sell
2021-06-16,3380.0,3156.820557,3158.43836307577,221.5616369242298,Sell
2021-06-17,3370.0,3101.275146,3103.937465055997,266.0625349440029,Sell
2021-06-18,3350.0,3101.275146,3103.937465055997,246.0625349440029,Sell
2021-06-21,3280.0,3054.987549,3058.520290922974,221.4797090770262,Sell
2021-06-22,3300.0,3054.987549,3058.520290922974,241.4797090770262,Sell
2021-06-23,3310.0,3119.790283,3122.104431062588,187.895568937412,Sell
2021-06-24,3330.0,3008.699951,3013.1031158087553,316.8968841912447,Sell
2021-06-25,3250.0,3008.699951,3013.1031158087553,236.89688419124468,Sell
2021-06-28,3250.0,2934.639404,2940.435252763587,309.56474723641304,Sell
2021-06-29,3190.0,2925.381836,2931.3517702508893,258.64822974911067,Sell
2021-06-30,3150.0,2916.124512,2922.2685271498526,227.73147285014738,Sell
2021-07-01,3160.0,2879.094238,2885.934595136671,274.06540486332915,Sell
2021-07-02,3110.0,2842.063965,2849.600664104684,260.3993358953162,Sell
2021-07-05,3070.0,2814.291504,2822.350454997056,247.6495450029438,Sell
2021-07-06,3050.0,2786.518799,2795.1000064777677,254.8999935222323,Sell
2021-07-07,3030.0,2805.033936,2813.2669724843586,216.73302751564142,Sell
2021-07-08,3060.0,2786.518799,2795.1000064777677,264.8999935222323,Sell
2021-07-09,3040.0,2925.381836,2931.3517702508893,108.64822974911067,Sell
2021-07-12,3190.0,2897.609131,2904.101321731601,285.8986782683992,Sell
2021-07-13,3160.0,2842.063965,2849.600664104684,310.3993358953162,Sell
2021-07-14,3050.0,2832.806641,2840.5174210036475,209.48257899635246,Sell
2021-07-15,3110.0,2897.609131,2904.101321731601,205.89867826839918,Sell
2021-07-16,3140.0,2934.639404,2940.435252763587,199.56474723641304,Sell
2021-07-19,3160.0,2980.927246,2985.852667289467,174.1473327105332,Sell
2021-07-21,3190.0,2971.669678,2976.769184776769,213.23081522323082,Sell
2021-07-22,3210.0,3017.957275,3022.1863589097925,187.8136410902075,Sell
2021-07-23,3250.0,2934.639404,2940.435252763587,309.56474723641304,Sell
2021-07-26,3140.0,2953.154541,2958.602218770178,181.39778122982216,Sell
2021-07-27,3210.0,3027.214844,3031.2698424036853,178.7301575963147,Sell
2021-07-28,3250.0,2953.154541,2958.602218770178,291.39778122982216,Sell
2021-07-29,3210.0,2990.18457,2994.935910390503,215.06408960949693,Sell
2021-07-30,3200.0,2999.442139,3004.019393884397,195.98060611560322,Sell
2021-08-02,3240.0,3064.245117,3067.603773435672,172.39622656432812,Sell
2021-08-03,3310.0,3082.76001,3085.7705000306014,224.2294999693986,Sell
2021-08-04,3330.0,3119.790283,3122.104431062588,207.895568937412,Sell
2021-08-05,3360.0,3092.017578,3094.8539825432995,265.1460174567005,Sell
2021-08-06,3360.0,3073.502441,3076.6870165367086,283.3129834632914,Sell
2021-08-09,3260.0,3008.699951,3013.1031158087553,246.89688419124468,Sell
2021-08-10,3240.0,2990.18457,2994.935910390503,245.06408960949693,Sell
2021-08-12,3260.0,3101.275146,3103.937465055997,156.0625349440029,Sell
2021-08-13,3370.0,3054.987549,3058.520290922974,311.4797090770262,Sell
2021-08-16,3300.0,3092.017578,3094.8539825432995,205.14601745670052,Sell
2021-08-18,3360.0,3166.077881,3167.521606176807,192.47839382319307,Sell
2021-08-19,3410.0,3138.305176,3140.271157657518,269.72884234248204,Sell
2021-08-20,3390.0,3147.562744,3149.3546401702156,240.6453598297844,Sell
2021-08-23,3420.0,3184.593018,3185.688572183398,234.3114278166022,Sell
2021-08-24,3410.0,3147.562744,3149.3546401702156,260.6453598297844,Sell
2021-08-25,3390.0,3119.790283,3122.104431062588,267.895568937412,Sell
2021-08-26,3330.0,3110.532715,3113.0209485498904,216.97905145010964,Sell
2021-08-27,3370.0,3073.502441,3076.6870165367086,293.3129834632914,Sell
2021-08-30,3330.0,3147.562744,3149.3546401702156,180.6453598297844,Sell
2021-08-31,3400.0,3147.562744,3149.3546401702156,250.6453598297844,Sell
2021-09-01,3420.0,3092.017578,3094.8539825432995,325.1460174567005,Sell
2021-09-02,3350.0,3119.790283,3122.104431062588,227.895568937412,Sell
2021-09-03,3400.0,3138.305176,3140.271157657518,259.72884234248204,Sell
2021-09-06,3410.0,3138.305176,3140.271157657518,269.72884234248204,Sell
2021-09-07,3410.0,3129.047852,3131.1879145564812,278.81208544351875,Sell
2021-09-08,3400.0,3082.76001,3085.7705000306014,314.2294999693986,Sell
2021-09-09,3360.0,3138.305176,3140.271157657518,219.72884234248204,Sell
2021-09-10,3380.0,3082.76001,3085.7705000306014,294.2294999693986,Sell
2021-09-13,3310.0,3101.275146,3103.937465055997,206.0625349440029,Sell
2021-09-14,3380.0,3184.593018,3185.688572183398,194.3114278166022,Sell
2021-09-15,3430.0,3193.850342,3194.7718152844345,235.22818471556548,Sell
2021-09-16,3470.0,3184.593018,3185.688572183398,284.3114278166022,Sell
2021-09-17,3400.0,3267.910889,3267.439678329603,132.56032167039712,Sell
2021-09-20,3500.0,3258.65332,3258.3561948357096,241.64380516429037,Sell
2021-09-21,3500.0,3267.910889,3267.439678329603,232.56032167039712,Sell
2021-09-22,3530.0,3323.456055,3321.940335956519,208.059664043481,Sell
2021-09-23,3600.0,3295.683594,3294.6901268488914,305.3098731511086,Sell
2021-09-24,3560.0,3295.683594,3294.6901268488914,265.3098731511086,Sell
2021-09-27,3530.0,3258.65332,3258.3561948357096,271.64380516429037,Sell
2021-09-28,3510.0,3267.910889,3267.439678329603,242.56032167039712,Sell
2021-09-29,3490.0,3267.910889,3267.439678329603,222.56032167039712,Sell
2021-09-30,3550.0,3416.031494,3412.7749246154217,137.2250753845783,Sell
2021-10-01,3680.0,3388.258789,3385.524476096133,294.4755239038668,Sell
2021-10-04,3620.0,3397.516357,3394.607958608831,225.3920413911692,Sell
2021-10-05,3670.0,3397.516357,3394.607958608831,275.3920413911692,Sell
2021-10-06,3690.0,3480.834229,3476.3590657362315,213.6409342637685,Sell
2021-10-07,3720.0,3443.804199,3440.025373134711,279.9746268652889,Sell
2021-10-08,3730.0,3517.864258,3512.6927573565567,217.30724264344326,Sell
2021-10-11,3800.0,3527.121826,3521.776239869255,278.2237601307452,Sell
2021-10-12,3780.0,3499.349365,3494.526030761627,285.4739692383728,Sell
2021-10-13,3750.0,3490.091797,3485.442548248929,264.55745175107086,Sell
2021-10-14,3770.0,3545.636963,3539.9432058758457,230.0567941241543,Sell
2021-10-15,3840.0,3527.121826,3521.776239869255,318.2237601307452,Sell
2021-10-18,3840.0,3508.606934,3503.60951425552,336.39048574448,Sell
2021-10-19,3750.0,3462.319092,3458.1920997296406,291.80790027035937,Sell
2021-10-21,3780.0,3564.1521,3558.1101718824366,221.8898281175634,Sell
2021-10-22,3860.0,3582.666992,3576.276897496171,283.72310250382907,Sell
2021-10-25,3800.0,3499.349365,3494.526030761627,305.4739692383728,Sell
2021-10-26,3800.0,3517.864258,3512.6927573565567,287.30724264344326,Sell
2021-10-27,3820.0,3508.606934,3503.60951425552,316.39048574448,Sell
2021-10-28,3820.0,3471.57666,3467.2755822423387,352.7244177576613,Sell
2021-10-29,3750.0,3517.864258,3512.6927573565567,237.30724264344326,Sell
2021-11-01,3810.0,3425.288818,3421.858167716459,388.14183228354113,Sell
2021-11-02,3700.0,3388.258789,3385.524476096133,314.4755239038668,Sell
2021-11-03,3620.0,3443.804199,3440.025373134711,179.97462686528888,Sell
2021-11-04,3750.0,3490.091797,3485.442548248929,264.55745175107086,Sell
2021-11-05,3760.0,3490.091797,3485.442548248929,274.55745175107086,Sell
2021-11-08,3780.0,3471.57666,3467.2755822423387,312.7244177576613,Sell
2021-11-09,3730.0,3434.546387,3430.9416512103517,299.05834878964833,Sell
2021-11-10,3670.0,3425.288818,3421.858167716459,248.14183228354113,Sell
2021-11-11,3700.0,3379.001221,3376.4409935834356,323.55900641656444,Sell
2021-11-12,3660.0,3332.713623,3331.023818469217,328.9761815307829,Sell
2021-11-15,3600.0,3332.713623,3331.023818469217,268.9761815307829,Sell
2021-11-16,3590.0,3397.516357,3394.607958608831,195.3920413911692,Sell
2021-11-17,3690.0,3360.486328,3358.2742669885056,331.7257330114944,Sell
2021-11-18,3630.0,3360.486328,3358.2742669885056,271.7257330114944,Sell
2021-11-19,3660.0,3610.439697,3603.5273460154594,56.47265398454056,Sell
2021-11-22,3920.0,3517.864258,3512.6927573565567,407.30724264344326,Sell
2021-11-23,3800.0,3517.864258,3512.6927573565567,287.30724264344326,Sell
2021-11-24,3840.0,3517.864258,3512.6927573565567,327.30724264344326,Sell
2021-11-25,3880.0,3703.015137,3694.3619356555578,185.63806434444223,Sell
2021-11-26,4040.0,3712.272705,3703.445418168256,336.55458183174414,Sell
2021-11-29,4010.0,3832.62085,3821.5304563276427,188.4695436723573,Sell
2021-11-30,4150.0,3693.757568,3685.278452161665,464.721547838335,Sell
2021-12-01,4040.0,3777.075439,3767.02955830787,272.97044169212995,Sell
2021-12-02,4140.0,3851.135742,3839.697181941377,300.30281805862296,Sell
2021-12-03,4130.0,3767.817871,3757.9460757951724,372.0539242048276,Sell
2021-12-06,4060.0,3860.393311,3848.7806654352703,211.2193345647297,Sell
2021-12-07,4180.0,3841.878174,3830.6136994286794,349.3863005713206,Sell
2021-12-08,4100.0,3786.333008,3776.1130418017633,323.8869581982367,Sell
2021-12-09,4090.0,3841.878174,3830.6136994286794,259.3863005713206,Sell
2021-12-10,4070.0,3841.878174,3830.6136994286794,239.3863005713206,Sell
2021-12-13,4150.0,3777.075439,3767.02955830787,382.97044169212995,Sell
2021-12-14,4120.0,3795.590576,3785.196524314461,334.80347568553907,Sell
2021-12-15,4060.0,3777.075439,3767.02955830787,292.97044169212995,Sell
2021-12-16,4110.0,3795.590576,3785.196524314461,324.80347568553907,Sell
2021-12-17,4010.0,3795.590576,3785.196524314461,224.80347568553907,Sell
2021-12-20,4070.0,3777.075439,3767.02955830787,302.97044169212995,Sell
2021-12-21,4110.0,3851.135742,3839.697181941377,270.30281805862296,Sell
2021-12-22,4160.0,3804.848145,3794.280007808354,365.7199921916458,Sell
2021-12-23,4110.0,3851.135742,3839.697181941377,270.30281805862296,Sell
2021-12-24,4160.0,3804.848145,3794.280007808354,365.7199921916458,Sell
2021-12-27,4150.0,3777.075439,3767.02955830787,382.97044169212995,Sell
2021-12-28,4080.0,3786.333008,3776.1130418017633,303.8869581982367,Sell
2021-12-29,4100.0,3777.075439,3767.02955830787,332.97044169212995,Sell
2021-12-30,4130.0,3740.04541,3730.695866687545,399.3041333124552,Sell
2022-01-03,4060.0,3869.650635,3857.863908536307,202.136091463693,Sell
2022-01-04,4180.0,3860.393311,3848.7806654352703,331.2193345647297,Sell
2022-01-05,4150.0,3749.302734,3739.779109788581,410.2208902114189,Sell
2022-01-06,4090.0,3814.105469,3803.363250909391,286.6367490906091,Sell
2022-01-07,4120.0,3860.393311,3848.7806654352703,271.2193345647297,Sell
2022-01-10,4180.0,3795.590576,3785.196524314461,394.80347568553907,Sell
2022-01-11,4120.0,3786.333008,3776.1130418017633,343.8869581982367,Sell
2022-01-12,4110.0,3804.848145,3794.280007808354,315.7199921916458,Sell
2022-01-13,4170.0,3869.650635,3857.863908536307,312.136091463693,Sell
2022-01-14,4140.0,3878.908203,3866.9473910490046,273.05260895099536,Sell
2022-01-17,4200.0,3869.650635,3857.863908536307,342.136091463693,Sell
2022-01-18,4200.0,3934.453857,3921.4485274992435,278.5514725007565,Sell
2022-01-19,4260.0,3934.453857,3921.4485274992435,338.5514725007565,Sell
2022-01-20,4300.0,3906.680908,3894.1978395682936,405.8021604317064,Sell
2022-01-21,4240.0,4008.513672,3994.1156723094286,245.88432769057135,Sell
2022-01-24,4260.0,3980.741211,3966.865463201801,293.13453679819895,Sell
2022-01-25,4310.0,3971.483643,3957.781980689103,352.21801931089703,Sell
2022-01-26,4380.0,4064.058838,4048.6163299363448,331.38367006365525,Sell
2022-01-27,4400.0,3952.968506,3939.6150146825125,460.38498531748746,Sell
2022-01-28,4260.0,3943.711182,3930.5317715814754,329.46822841852463,Sell
2022-01-31,4210.0,3878.908203,3866.9473910490046,343.05260895099536,Sell
2022-02-02,4170.0,3860.393311,3848.7806654352703,321.2193345647297,Sell
2022-02-03,4200.0,3888.166016,3876.0311139545593,323.96888604544074,Sell
2022-02-04,4260.0,3915.938477,3903.281323062187,356.71867693781314,Sell
2022-02-07,4230.0,3971.483643,3957.781980689103,272.21801931089703,Sell
2022-02-08,4280.0,3915.938477,3903.281323062187,376.71867693781314,Sell
2022-02-09,4280.0,3962.226318,3948.698736606871,331.3012633931289,Sell
2022-02-10,4400.0,4128.861816,4112.20070948762,287.79929051238014,Sell
2022-02-11,4500.0,4119.604004,4103.11698756326,396.8830124367396,Sell
2022-02-14,4380.0,4073.31665,4057.700051860704,322.2999481392958,Sell
2022-02-15,4400.0,4082.574219,4066.783535354597,333.216464645403,Sell
2022-02-16,4420.0,4073.31665,4057.700051860704,362.2999481392958,Sell
2022-02-17,4400.0,4082.574219,4066.783535354597,333.216464645403,Sell
2022-02-18,4420.0,4073.31665,4057.700051860704,362.2999481392958,Sell
2022-02-21,4370.0,4045.544189,4030.4498427530766,339.5501572469234,Sell
2022-02-22,4320.0,3980.741211,3966.865463201801,353.13453679819895,Sell
2022-02-23,4280.0,4027.029053,4012.282877727681,267.7171222723191,Sell
2022-02-24,4280.0,3925.195801,3912.364566163223,367.6354338367769,Sell
2022-02-25,4240.0,4017.771484,4003.199394233787,236.8006057662128,Sell
2022-03-01,4640.0,4027.029053,4012.282877727681,627.7171222723191,Sell
2022-03-02,4400.0,3971.483643,3957.781980689103,442.21801931089703,Sell
2022-03-04,4440.0,4073.31665,4057.700051860704,382.2999481392958,Sell
2022-03-07,4400.0,4175.149414,4157.617884601839,242.38211539816075,Sell
2022-03-08,4600.0,4276.982422,4257.535956754635,342.46404324536525,Sell
2022-03-09,4550.0,4110.34668,4094.033744462224,455.96625553777585,Sell
2022-03-10,4500.0,4082.574219,4066.783535354597,433.216464645403,Sell
2022-03-11,4410.0,4249.209961,4230.285747647007,179.71425235299284,Sell
2022-03-14,4650.0,4239.952148,4221.202024741453,428.797975258547,Sell
2022-03-15,4630.0,4276.982422,4257.535956754635,372.46404324536525,Sell
2022-03-16,4660.0,4286.240234,4266.619678678993,393.3803213210067,Sell
2022-03-17,4550.0,4147.376953,4130.367675494212,419.63232450578835,Sell
2022-03-18,4490.0,4202.922363,4184.868572532789,305.1314274672113,Sell
2022-03-21,4550.0,4212.179688,4193.951816615021,356.048183384979,Sell
2022-03-22,4550.0,4212.179688,4193.951816615021,356.048183384979,Sell
2022-03-23,4550.0,4212.179688,4193.951816615021,356.048183384979,Sell
2022-03-24,4500.0,4221.437012,4203.035059716058,296.96494028394227,Sell
2022-03-25,4510.0,4184.407227,4166.7016075073925,343.2983924926075,Sell
2022-03-28,4510.0,4258.467773,4239.369469571367,270.6305304286334,Sell
2022-03-29,4600.0,4221.437012,4203.035059716058,396.96494028394227,Sell
2022-03-30,4620.0,4239.952148,4221.202024741453,398.797975258547,Sell
2022-03-31,4620.0,4239.952148,4221.202024741453,398.797975258547,Sell
2022-04-01,4550.0,4239.952148,4221.202024741453,328.797975258547,Sell
2022-04-04,4560.0,4202.922363,4184.868572532789,375.1314274672113,Sell
2022-04-05,4550.0,4184.407227,4166.7016075073925,383.2983924926075,Sell
2022-04-06,4490.0,4101.089355,4084.9505003799927,405.0494996200073,Sell
2022-04-07,4450.0,4202.922363,4184.868572532789,265.1314274672113,Sell
2022-04-08,4580.0,4239.952148,4221.202024741453,358.797975258547,Sell
2022-04-11,4610.0,4249.209961,4230.285747647007,379.71425235299284,Sell
2022-04-12,4620.0,4286.240234,4266.619678678993,353.3803213210067,Sell
2022-04-13,4700.0,4341.785156,4321.1200968942485,378.8799031057515,Sell
2022-04-14,4700.0,4332.527344,4312.03637496989,387.96362503011005,Sell
2022-04-18,4720.0,4360.300293,4339.28706290084,380.7129370991597,Sell
2022-04-19,4740.0,4332.527344,4312.03637496989,427.96362503011005,Sell
2022-04-20,4680.0,4286.240234,4266.619678678993,413.3803213210067,Sell
2022-04-21,4620.0,4276.982422,4257.535956754635,362.46404324536525,Sell
2022-04-22,4620.0,4276.982422,4257.535956754635,362.46404324536525,Sell
2022-04-25,4610.0,4360.300293,4339.28706290084,270.7129370991597,Sell
2022-04-26,4680.0,4406.587891,4384.704238015059,295.29576198494124,Sell
2022-04-27,4720.0,4415.845215,4393.7874811160955,326.2125188839045,Sell
2022-04-28,4850.0,4276.982422,4257.535956754635,592.4640432453652,Sell
2022-05-09,4560.0,3989.999023,3975.9491851261596,584.0508148738404,Sell
2022-05-10,4120.0,4017.771484,4003.199394233787,116.80060576621281,Sell
2022-05-11,4400.0,4008.513672,3994.1156723094286,405.88432769057135,Sell
2022-05-12,4340.0,3980.741211,3966.865463201801,373.13453679819895,Sell
2022-05-13,4250.0,3943.711182,3930.5317715814754,319.46822841852463,Sell
2022-05-17,4250.0,3869.650635,3857.863908536307,392.136091463693,Sell
2022-05-18,4230.0,3934.453857,3921.4485274992435,308.5514725007565,Sell
2022-05-19,4180.0,3897.42334,3885.1143570555955,294.8856429444045,Sell
2022-05-20,4220.0,3860.393311,3848.7806654352703,371.2193345647297,Sell
2022-05-23,4160.0,3804.848145,3794.280007808354,365.7199921916458,Sell
2022-05-24,4120.0,3841.878174,3830.6136994286794,289.3863005713206,Sell
2022-05-25,4200.0,3888.166016,3876.0311139545593,323.96888604544074,Sell
2022-05-27,4260.0,3980.741211,3966.865463201801,293.13453679819895,Sell
2022-05-30,4340.0,3934.453857,3921.4485274992435,418.5514725007565,Sell
2022-05-31,4270.0,3989.999023,3975.9491851261596,294.0508148738404,Sell
2022-06-02,4390.0,3971.483643,3957.781980689103,432.21801931089703,Sell
2022-06-03,4310.0,3989.999023,3975.9491851261596,334.0508148738404,Sell
2022-06-06,4310.0,4017.771484,4003.199394233787,306.8006057662128,Sell
2022-06-07,4340.0,3934.453857,3921.4485274992435,418.5514725007565,Sell
2022-06-08,4150.0,3934.42041,3921.4157094589546,228.58429054104545,Sell
2022-06-09,4080.0,3886.439697,3874.3372578092044,205.6627421907956,Sell
2022-06-10,4040.0,3857.651367,3846.090282780258,193.9097172197421,Sell
2022-06-13,3950.0,3915.228271,3902.5844722498123,47.41552775018772,Sell
2022-06-14,4050.0,3944.016602,3930.831448259954,119.16855174004604,Sell
2022-06-15,4060.0,3896.035889,3883.7529966102043,176.24700338979574,Sell
2022-06-16,4120.0,3876.843506,3864.9215199894006,255.07848001059938,Sell
2022-06-17,4010.0,3953.612793,3940.2471860797577,69.75281392024226,Sell
2022-06-20,4050.0,3876.843506,3864.9215199894006,185.07848001059938,Sell
2022-06-21,4060.0,3944.016602,3930.831448259954,129.16855174004604,Sell
2022-06-22,4090.0,3886.439697,3874.3372578092044,215.6627421907956,Sell
2022-06-23,4030.0,3991.997314,3977.909898928509,52.09010107149106,Sell
2022-06-24,4230.0,3982.401123,3968.4941611087047,261.5058388912953,Sell
2022-06-27,4110.0,3905.63208,3893.168734430008,216.83126556999196,Sell
2022-06-28,4010.0,3867.247559,3855.5060215812573,154.4939784187427,Sell
2022-06-29,4000.0,3876.843506,3864.9215199894006,135.07848001059938,Sell
2022-06-30,4110.0,3838.458984,3827.2588061594547,282.7411938405453,Sell
2022-07-01,4010.0,3857.651367,3846.090282780258,163.9097172197421,Sell
2022-07-04,4020.0,3828.862793,3817.8430683396505,202.15693166034953,Sell
2022-07-05,4010.0,3828.862793,3817.8430683396505,192.15693166034953,Sell
2022-07-06,4050.0,3857.651367,3846.090282780258,203.9097172197421,Sell
2022-07-07,4040.0,3876.843506,3864.9215199894006,175.07848001059938,Sell
2022-07-08,4050.0,3848.055176,3836.674544960454,213.3254550395459,Sell
2022-07-11,4100.0,3876.843506,3864.9215199894006,235.07848001059938,Sell
2022-07-12,4060.0,3848.055176,3836.674544960454,223.3254550395459,Sell
2022-07-13,4010.0,3780.88208,3770.7646166899003,239.23538331009968,Sell
2022-07-14,3940.0,3857.651367,3846.090282780258,93.9097172197421,Sell
2022-07-15,4040.0,3982.401123,3968.4941611087047,71.5058388912953,Sell
2022-07-18,4110.0,4020.785889,4006.1571143503115,103.84288564968847,Sell
2022-07-19,4190.0,3991.997314,3977.909898928509,212.09010107149106,Sell
2022-07-20,4140.0,4039.978027,4024.9883505782586,115.01164942174137,Sell
2022-07-21,4210.0,4087.95874,4072.0668022280083,137.93319777199167,Sell
2022-07-22,4240.0,4059.17041,4043.8198271990623,196.18017280093773,Sell
2022-07-25,4240.0,4068.766602,4053.2355660000617,186.76443399993832,Sell
2022-07-26,4240.0,4078.362793,4062.6513038198655,177.34869618013454,Sell
2022-07-27,4230.0,4126.343262,4109.729516057954,120.27048394204576,Sell
2022-07-28,4310.0,4068.766602,4053.2355660000617,256.7644339999383,Sell
2022-07-29,4280.0,4059.17041,4043.8198271990623,236.18017280093773,Sell
2022-08-01,4230.0,4126.343262,4109.729516057954,120.27048394204576,Sell
2022-08-02,4350.0,4270.285645,4250.965110418865,99.03488958113485,Sell
2022-08-03,4450.0,4318.266602,4298.043801480276,151.95619851972424,Sell
2022-08-04,4450.0,4366.24707,4345.12201273717,104.87798726283017,Sell
2022-08-05,4590.0,4462.208496,4439.27891603667,150.72108396332987,Sell
2022-08-08,4700.0,4510.189453,4486.357607098081,213.64239290191927,Sell
2022-08-09,4700.0,4452.612305,4429.863178216865,270.136821783135,Sell
2022-08-10,4530.0,4375.843262,4354.53775153817,175.4622484618303,Sell
2022-08-11,4550.0,4385.439453,4363.953489357973,186.046510642027,Sell
2022-08-12,4570.0,4366.24707,4345.12201273717,224.87798726283017,Sell
2022-08-15,4540.0,4270.285645,4250.965110418865,289.03488958113485,Sell
2022-08-16,4530.0,4231.900879,4213.302157177258,316.69784282274213,Sell
2022-08-18,4360.0,4366.24707,4345.12201273717,14.877987262830175,Sell
2022-08-19,4560.0,4414.228027,4392.200703798581,167.79929620141866,Sell
2022-08-22,4550.0,4462.208496,4439.27891603667,110.72108396332987,Sell
2022-08-23,4680.0,4471.804688,4448.694654837669,231.30534516233092,Sell
2022-08-24,4660.0,4558.169922,4533.4358193361695,126.56418066383048,Sell
2022-08-25,4680.0,4385.439453,4363.953489357973,316.046510642027,Sell
2022-08-26,4510.0,4308.67041,4288.628062679277,221.3719373207232,Sell
2022-08-29,4370.0,4337.458496,4316.874798296562,53.1252017034376,Sell
2022-08-30,4580.0,4299.074219,4279.212324859473,300.7876751405274,Sell
2022-08-31,4420.0,4375.843262,4354.53775153817,65.46224846183031,Sell
2022-09-01,4560.0,4395.035645,4373.369228158973,186.63077184102713,Sell
2022-09-02,4540.0,4414.228027,4392.200703798581,147.79929620141866,Sell
2022-09-05,4560.0,4433.419922,4411.031701596062,148.9682984039382,Sell
2022-09-06,4610.0,4327.862305,4307.459060476758,302.54093952324183,Sell
2022-09-07,4500.0,4308.67041,4288.628062679277,211.3719373207232,Sell
2022-09-08,4500.0,4375.843262,4354.53775153817,145.4622484618303,Sell
2022-09-09,4550.0,4414.228027,4392.200703798581,157.79929620141866,Sell
2022-09-12,4600.0,4356.650879,4335.706274917366,264.2937250826344,Sell
2022-09-13,4540.0,4337.458496,4316.874798296562,223.1252017034376,Sell
2022-09-14,4490.0,4299.074219,4279.212324859473,210.78767514052743,Sell
2022-09-15,4540.0,4318.266602,4298.043801480276,241.95619851972424,Sell
2022-09-16,4500.0,4231.900879,4213.302157177258,286.69784282274213,Sell
2022-09-19,4460.0,4318.266602,4298.043801480276,161.95619851972424,Sell
2022-09-20,4530.0,4299.074219,4279.212324859473,250.78767514052743,Sell
2022-09-21,4450.0,4251.093262,4232.133633798062,217.86636620193804,Sell
2022-09-22,4400.0,4251.093262,4232.133633798062,167.86636620193804,Sell
2022-09-23,4400.0,4203.112793,4185.055421559973,214.94457844002682,Sell
2022-09-26,4390.0,4279.881836,4260.380848238669,129.6191517613306,Sell
2022-09-27,4450.0,4260.689453,4241.549371617866,208.4506283821338,Sell
2022-09-28,4430.0,4289.478027,4269.796586058474,160.20341394152638,Sell
2022-09-29,4460.0,4260.689453,4241.549371617866,218.4506283821338,Sell
2022-09-30,4400.0,4279.881836,4260.380848238669,139.6191517613306,Sell
2022-10-03,4460.0,4279.881836,4260.380848238669,199.6191517613306,Sell
2022-10-04,4460.0,4260.689453,4241.549371617866,218.4506283821338,Sell
2022-10-05,4490.0,4279.881836,4260.380848238669,229.6191517613306,Sell
2022-10-06,4460.0,4251.093262,4232.133633798062,227.86636620193804,Sell
2022-10-07,4400.0,4174.324219,4156.808207119366,243.19179288063424,Sell
2022-10-10,4340.0,4241.49707,4222.717894997063,117.28210500293699,Sell
2022-10-11,4360.0,4135.939453,4119.1452538777585,240.85474612224152,Sell
2022-10-12,4300.0,4164.728027,4147.392468318366,152.6075316816341,Sell
2022-10-13,4330.0,4126.343262,4109.729516057954,220.27048394204576,Sell
2022-10-14,4360.0,4116.74707,4100.313777256955,259.6862227430447,Sell
2022-10-17,4200.0,4155.131836,4137.976730498562,62.023269501438335,Sell
2022-10-18,4310.0,4078.362793,4062.6513038198655,247.34869618013454,Sell
2022-10-19,4220.0,4030.38208,4015.5728521701153,204.4271478298847,Sell
2022-10-20,4200.0,4174.324219,4156.808207119366,43.19179288063424,Sell
2022-10-21,4300.0,4183.92041,4166.223944939169,133.7760550608309,Sell
2022-10-24,4380.0,4231.900879,4213.302157177258,166.69784282274213,Sell
2022-10-25,4430.0,4212.708984,4194.4711593797765,235.5288406202235,Sell
2022-10-26,4420.0,4193.516602,4175.639683740169,244.36031625983105,Sell
2022-10-27,4390.0,4193.516602,4175.639683740169,214.36031625983105,Sell
2022-10-28,4420.0,4270.285645,4250.965110418865,169.03488958113485,Sell
2022-10-31,4460.0,4212.708984,4194.4711593797765,265.5288406202235,Sell
2022-11-01,4420.0,4241.49707,4222.717894997063,197.282105002937,Sell
2022-11-02,4400.0,4049.574219,4034.404089379258,365.59591062074196,Sell
2022-11-03,4140.0,3963.208984,3949.662923899562,190.33707610043803,Sell
2022-11-04,4070.0,4039.978027,4024.9883505782586,45.01164942174137,Sell
2022-11-07,4250.0,4107.151367,4090.8985182604733,159.10148173952666,Sell
2022-11-08,4270.0,4049.574219,4034.404089379258,235.59591062074196,Sell
2022-11-09,4200.0,4020.785889,4006.1571143503115,193.84288564968847,Sell
2022-11-10,4110.0,4001.593506,3987.3256377295083,122.67436227049166,Sell
2022-11-11,4160.0,3982.401123,3968.4941611087047,191.5058388912953,Sell
2022-11-14,4090.0,3886.439697,3874.3372578092044,215.6627421907956,Sell
2022-11-15,4050.0,3886.439697,3874.3372578092044,175.6627421907956,Sell
2022-11-16,4000.0,3886.439697,3874.3372578092044,125.6627421907956,Sell
2022-11-17,4020.0,3876.843506,3864.9215199894006,155.07848001059938,Sell
2022-11-18,4070.0,3848.055176,3836.674544960454,233.3254550395459,Sell
2022-11-21,4020.0,3867.247559,3855.5060215812573,164.4939784187427,Sell
2022-11-22,4020.0,3838.458984,3827.2588061594547,192.7411938405453,Sell
2022-11-23,3990.0,3809.670654,3799.011831130508,190.9881688694918,Sell
2022-11-24,3980.0,3867.247559,3855.5060215812573,124.4939784187427,Sell
2022-11-25,4010.0,3867.247559,3855.5060215812573,154.4939784187427,Sell
2022-11-28,4030.0,3819.266602,3808.4273305198467,221.5726694801533,Sell
2022-11-29,3980.0,3819.266602,3808.4273305198467,171.5726694801533,Sell
2022-11-30,3970.0,3876.843506,3864.9215199894006,105.07848001059938,Sell
2022-12-01,4020.0,3800.074463,3789.596093310704,230.40390668929604,Sell
2022-12-02,3950.0,3838.458984,3827.2588061594547,122.7411938405453,Sell
2022-12-05,3980.0,3684.920654,3676.607713390401,303.39228660959907,Sell
2022-12-06,3640.0,3454.613037,3450.6309545309896,189.36904546901042,Sell
2022-12-07,3600.0,3531.382324,3525.956620621347,74.04337937865284,Sell
2022-12-08,3700.0,3588.959229,3582.4508110720963,117.54918892790374,Sell
2022-12-09,3680.0,3502.59375,3497.7094061807393,182.29059381926072,Sell
2022-12-12,3670.0,3550.574707,3544.7880972421503,125.21190275784966,Sell
2022-12-13,3690.0,3598.55542,3591.8665488919005,98.13345110809951,Sell
2022-12-14,3820.0,3598.55542,3591.8665488919005,228.1334511080995,Sell
2022-12-15,3680.0,3521.786133,3516.540882801543,163.45911719845708,Sell
2022-12-16,3610.0,3531.382324,3525.956620621347,84.04337937865284,Sell
2022-12-19,3740.0,3569.766846,3563.6193344512926,176.38066554870738,Sell
2022-12-20,3730.0,3569.766846,3563.6193344512926,166.38066554870738,Sell
2022-12-21,3690.0,3636.939941,3629.529261740651,60.47073825934922,Sell
2022-12-22,3800.0,3598.55542,3591.8665488919005,208.1334511080995,Sell
2022-12-23,3710.0,3627.34375,3620.1135239208465,89.88647607915345,Sell
2022-12-26,3780.0,3598.55542,3591.8665488919005,188.1334511080995,Sell
2022-12-27,3770.0,3656.132324,3648.3607383614544,121.63926163854558,Sell
2022-12-28,3800.0,3579.363037,3573.035072271097,226.96492772890315,Sell
2022-12-29,3720.0,3627.34375,3620.1135239208465,99.88647607915345,Sell
2022-12-30,3760.0,3598.55542,3591.8665488919005,168.1334511080995,Sell
2023-01-02,3750.0,3646.536133,3638.94500054165,111.05499945834981,Sell
2023-01-03,3790.0,3704.113037,3695.439190011204,94.56080998879588,Sell
2023-01-04,3840.0,3665.728271,3657.7762367695973,182.2237632304027,Sell
2023-01-05,3800.0,3617.747559,3610.6977861010423,189.3022138989577,Sell
2023-01-06,3750.0,3560.170654,3554.203595650293,195.7964043497068,Sell
2023-01-09,3730.0,3636.939941,3629.529261740651,100.47073825934922,Sell
2023-01-10,3810.0,3675.324463,3667.1919755705967,142.8080244294033,Sell
2023-01-11,3820.0,3713.708984,3704.854688419347,115.14531158065301,Sell
2023-01-12,3790.0,3704.113037,3695.439190011204,94.56080998879588,Sell
2023-01-13,3820.0,3627.34375,3620.1135239208465,199.88647607915345,Sell
2023-01-16,3780.0,3694.516846,3686.0234521914003,93.97654780859966,Sell
2023-01-17,3870.0,3790.478271,3780.1803545097046,89.81964549029544,Sell
2023-01-18,4010.0,3771.285889,3761.3488788700965,248.65112112990346,Sell
2023-01-19,3900.0,3732.901367,3723.6861650401506,176.31383495984937,Sell
2023-01-20,3910.0,3713.708984,3704.854688419347,205.14531158065301,Sell
2023-01-24,3890.0,3694.516846,3686.0234521914003,203.97654780859966,Sell
2023-01-25,3850.0,3684.920654,3676.607713390401,173.39228660959907,Sell
2023-01-26,3850.0,3809.670654,3799.011831130508,50.9881688694918,Sell
2023-01-27,3970.0,3800.074463,3789.596093310704,180.40390668929604,Sell
2023-01-30,3960.0,3800.074463,3789.596093310704,170.40390668929604,Sell
2023-01-31,3940.0,3694.516846,3686.0234521914003,253.97654780859966,Sell
2023-02-01,3850.0,3713.708984,3704.854688419347,145.14531158065301,Sell
2023-02-02,3850.0,3732.901367,3723.6861650401506,126.31383495984937,Sell
2023-02-03,3910.0,3723.305176,3714.2704272203464,195.7295727796536,Sell
2023-02-06,3860.0,3723.305176,3714.2704272203464,145.7295727796536,Sell
2023-02-07,3880.0,3646.536133,3638.94500054165,241.0549994583498,Sell
2023-02-08,3800.0,3684.920654,3676.607713390401,123.39228660959907,Sell
2023-02-09,3840.0,3617.747559,3610.6977861010423,229.3022138989577,Sell
2023-02-10,3750.0,3646.536133,3638.94500054165,111.05499945834981,Sell
2023-02-13,3800.0,3636.939941,3629.529261740651,170.47073825934922,Sell
2023-02-14,3830.0,3646.536133,3638.94500054165,191.0549994583498,Sell
2023-02-15,3810.0,3636.939941,3629.529261740651,180.47073825934922,Sell
2023-02-16,3800.0,3617.747559,3610.6977861010423,189.3022138989577,Sell
2023-02-17,3770.0,3608.151367,3601.2820473000434,168.71795269995664,Sell
2023-02-20,3760.0,3665.728271,3657.7762367695973,102.22376323040271,Sell
2023-02-21,3850.0,3684.920654,3676.607713390401,173.39228660959907,Sell
2023-02-22,3850.0,3704.113037,3695.439190011204,154.56080998879588,Sell
2023-02-23,3950.0,3809.670654,3799.011831130508,150.9881688694918,Sell
2023-02-24,4000.0,3876.843506,3864.9215199894006,135.07848001059938,Sell
2023-02-27,3990.0,3800.074463,3789.596093310704,200.40390668929604,Sell
2023-02-28,3930.0,3723.305176,3714.2704272203464,215.7295727796536,Sell
2023-03-01,3930.0,3771.285889,3761.3488788700965,168.65112112990346,Sell
2023-03-02,3900.0,3723.305176,3714.2704272203464,185.7295727796536,Sell
2023-03-03,3880.0,3742.497559,3733.10190384115,146.89809615884997,Sell
2023-03-06,3940.0,3723.305176,3714.2704272203464,225.7295727796536,Sell
2023-03-07,3890.0,3723.305176,3714.2704272203464,175.7295727796536,Sell
2023-03-08,3850.0,3780.88208,3770.7646166899003,79.23538331009968,Sell
2023-03-09,3970.0,3809.670654,3799.011831130508,170.9881688694918,Sell
2023-03-10,3960.0,3848.055176,3836.674544960454,123.32545503954589,Sell
2023-03-13,4020.0,3905.63208,3893.168734430008,126.83126556999196,Sell
2023-03-14,4030.0,3857.651367,3846.090282780258,183.9097172197421,Sell
2023-03-15,4050.0,3848.055176,3836.674544960454,213.3254550395459,Sell
2023-03-16,4040.0,3886.439697,3874.3372578092044,165.6627421907956,Sell
2023-03-17,4090.0,3886.439697,3874.3372578092044,215.6627421907956,Sell
2023-03-20,4050.0,3828.862793,3817.8430683396505,232.15693166034953,Sell
2023-03-21,4000.0,3953.612793,3940.2471860797577,59.75281392024226,Sell
2023-03-24,4100.0,3905.63208,3893.168734430008,206.83126556999196,Sell
2023-03-27,4100.0,3886.439697,3874.3372578092044,225.6627421907956,Sell
2023-03-28,4100.0,3886.439697,3874.3372578092044,225.6627421907956,Sell
2023-03-29,4090.0,3934.42041,3921.4157094589546,168.58429054104545,Sell
2023-03-30,4050.0,3924.824463,3912.0002110508117,137.99978894918831,Sell
2023-03-31,4110.0,3896.035889,3883.7529966102043,226.24700338979574,Sell
2023-04-03,4100.0,3915.228271,3902.5844722498123,197.41552775018772,Sell
2023-04-04,4080.0,3896.035889,3883.7529966102043,196.24700338979574,Sell
2023-04-05,4100.0,3982.401123,3968.4941611087047,131.5058388912953,Sell
2023-04-06,4200.0,4078.362793,4062.6513038198655,137.34869618013454,Sell
2023-04-10,4250.0,4126.343262,4109.729516057954,140.27048394204576,Sell
2023-04-11,4290.0,4126.343262,4109.729516057954,180.27048394204576,Sell
2023-04-12,4320.0,4135.939453,4119.1452538777585,200.85474612224152,Sell
2023-04-13,4340.0,4164.728027,4147.392468318366,192.6075316816341,Sell
2023-04-14,4340.0,4164.728027,4147.392468318366,192.6075316816341,Sell
2023-04-17,4340.0,4097.555176,4081.4827804406686,258.51721955933135,Sell
2023-04-18,4240.0,4097.555176,4081.4827804406686,158.51721955933135,Sell
2023-04-26,4480.0,4222.304688,4203.8864193574545,276.11358064254546,Sell
2023-04-27,4450.0,4145.535645,4128.560992678758,321.43900732124166,Sell
2023-04-28,4270.0,4078.362793,4062.6513038198655,207.34869618013454,Sell
2023-05-02,4210.0,4020.785889,4006.1571143503115,203.84288564968847,Sell
2023-05-03,4200.0,3982.401123,3968.4941611087047,231.5058388912953,Sell
2023-05-04,4170.0,3982.401123,3968.4941611087047,201.5058388912953,Sell
2023-05-05,4160.0,4001.593506,3987.3256377295083,172.67436227049166,Sell
2023-05-08,4170.0,3896.035889,3883.7529966102043,286.24700338979574,Sell
2023-05-09,4050.0,3905.63208,3893.168734430008,156.83126556999196,Sell
2023-05-10,4050.0,3963.208984,3949.662923899562,100.33707610043803,Sell
2023-05-11,4100.0,3924.824463,3912.0002110508117,187.99978894918831,Sell
2023-05-12,4050.0,3819.266602,3808.4273305198467,241.5726694801533,Sell
2023-05-15,3990.0,3819.266602,3808.4273305198467,181.5726694801533,Sell
2023-05-16,4020.0,3819.266602,3808.4273305198467,211.5726694801533,Sell
2023-05-17,3980.0,3828.862793,3817.8430683396505,162.15693166034953,Sell
2023-05-19,3990.0,3857.651367,3846.090282780258,143.9097172197421,Sell
2023-05-22,4000.0,3876.843506,3864.9215199894006,135.07848001059938,Sell
2023-05-23,4030.0,3876.843506,3864.9215199894006,165.07848001059938,Sell
2023-05-24,4020.0,3991.997314,3977.909898928509,42.09010107149106,Sell
2023-05-25,4190.0,3953.612793,3940.2471860797577,249.75281392024226,Sell
2023-05-26,4140.0,3963.208984,3949.662923899562,190.33707610043803,Sell
2023-05-29,4120.0,4030.38208,4015.5728521701153,104.42714782988469,Sell
2023-05-30,4140.0,3953.612793,3940.2471860797577,199.75281392024226,Sell
2023-05-31,4120.0,3876.843506,3864.9215199894006,255.07848001059938,Sell
2023-06-05,4060.0,3915.228271,3902.5844722498123,157.41552775018772,Sell
2023-06-06,4090.0,3924.824463,3912.0002110508117,177.99978894918831,Sell
2023-06-07,4100.0,3982.401123,3968.4941611087047,131.5058388912953,Sell
2023-06-08,4160.0,4001.593506,3987.3256377295083,172.67436227049166,Sell
2023-06-09,4170.0,3982.401123,3968.4941611087047,201.5058388912953,Sell
2023-06-12,4040.0,4050.0,4034.821863709162,5.178136290838211,Sell
2023-06-13,4040.0,4030.0,4015.1979570574413,24.802042942558728,Sell
2023-06-14,4020.0,4000.0,3985.7620970798603,34.23790292013973,Sell
2023-06-15,3990.0,4020.0,4005.386003731581,-15.386003731580786,Buy
2023-06-16,4020.0,3970.0,3956.3262371022793,63.673762897720735,Sell
2023-06-19,3960.0,3960.0,3946.514283776419,13.485716223581221,Sell
2023-06-20,3980.0,3990.0,3975.950143754,4.049856246000218,Sell
2023-06-21,3970.0,3980.0,3966.1381904281393,3.8618095718607037,Sell
2023-06-22,3980.0,3940.0,3926.8903771246983,53.10962287530174,Sell
2023-06-23,3940.0,3950.0,3936.7023304505587,3.2976695494412525,Sell
2023-06-26,3940.0,3990.0,3975.950143754,-35.95014375399978,Buy
2023-06-27,4030.0,4000.0,3985.7620970798603,44.23790292013973,Sell
2023-07-03,4030.0,4000.0,3985.7620970798603,44.23790292013973,Sell
2023-07-04,4000.0,3970.0,3956.3262371022793,43.673762897720735,Sell
2023-07-05,3970.0,3980.0,3966.1381904281393,3.8618095718607037,Sell
2023-07-06,3970.0,3960.0,3946.514283776419,23.48571622358122,Sell
2023-07-07,3960.0,3960.0,3946.514283776419,13.485716223581221,Sell
2023-07-10,3960.0,3950.0,3936.7023304505587,23.297669549441252,Sell
2023-07-11,3950.0,3980.0,3966.1381904281393,-16.138190428139296,Buy
2023-07-12,3980.0,3980.0,3966.1381904281393,13.861809571860704,Sell
2023-07-13,3960.0,3920.0,3907.2664704729777,52.733529527022256,Sell
2023-07-14,3960.0,3930.0,3917.078423798838,42.921576201162225,Sell
2023-07-17,3950.0,3910.0,3897.4545171471173,52.54548285288274,Sell
2023-07-18,3930.0,3850.0,3838.5827971919553,91.41720280804475,Sell
2023-07-20,3820.0,3850.0,3838.5827971919553,-18.58279719195525,Buy
2023-07-21,3840.0,3860.0,3848.3947505178157,-8.394750517815737,Buy
2023-07-24,3880.0,3900.0,3887.6425638212568,-7.642563821256772,Buy
2023-07-25,3920.0,3880.0,3868.0186571695363,51.981342830463745,Sell
2023-07-26,3890.0,3880.0,3868.0186571695363,21.981342830463745,Sell
2023-07-27,3840.0,3720.0,3711.027403955771,128.9725960442288,Sell
2023-07-28,3710.0,3720.0,3711.027403955771,-1.0274039557712058,Buy
2023-07-31,3700.0,3720.0,3711.027403955771,-11.027403955771206,Buy
2023-08-01,3700.0,3750.0,3740.463263933352,-40.46326393335221,Buy
2023-08-02,3740.0,3690.0,3681.59154397819,58.4084560218098,Sell
2023-08-03,3670.0,3720.0,3711.027403955771,-41.027403955771206,Buy
2023-08-04,3720.0,3690.0,3681.59154397819,38.4084560218098,Sell
2023-08-07,3700.0,3680.0,3671.77959065233,28.22040934766983,Sell
2023-08-08,3680.0,3730.0,3720.8393572816317,-40.83935728163169,Buy
2023-08-09,3750.0,3770.0,3760.0871705850727,-10.087170585072727,Buy
2023-08-10,3800.0,3800.0,3789.5230305626537,10.47696943734627,Sell
2023-08-11,3830.0,3810.0,3799.334983888514,30.665016111485784,Sell
2023-08-14,3810.0,3830.0,3818.9588905402347,-8.958890540234734,Buy
2023-08-15,3800.0,3820.0,3809.1469372143742,-9.146937214374248,Buy
2023-08-16,3790.0,3830.0,3818.9588905402347,-28.958890540234734,Buy
2023-08-18,3790.0,3760.0,3750.2752172592127,39.724782740787305,Sell
2023-08-21,3760.0,3740.0,3730.6513106074917,29.348689392508277,Sell
2023-08-22,3740.0,3750.0,3740.463263933352,-0.4632639333522093,Buy
2023-08-23,3750.0,3740.0,3730.6513106074917,19.348689392508277,Sell
2023-08-24,3730.0,3720.0,3711.027403955771,18.972596044228794,Sell
2023-08-25,3700.0,3720.0,3711.027403955771,-11.027403955771206,Buy
2023-08-28,3730.0,3700.0,3691.4034973040507,38.59650269594931,Sell
2023-08-29,3700.0,3720.0,3711.027403955771,-11.027403955771206,Buy
2023-08-30,3730.0,3810.0,3799.334983888514,-69.33498388851422,Buy
2023-08-31,3810.0,3730.0,3720.8393572816317,89.16064271836831,Sell
2023-09-01,3710.0,3720.0,3711.027403955771,-1.0274039557712058,Buy
2023-09-04,3720.0,3730.0,3720.8393572816317,-0.8393572816316919,Buy
2023-09-05,3730.0,3740.0,3730.6513106074917,-0.6513106074917232,Buy
2023-09-06,3750.0,3790.0,3779.7110772367932,-29.711077236793244,Buy
2023-09-07,3780.0,3760.0,3750.2752172592127,29.724782740787305,Sell
2023-09-08,3770.0,3690.0,3681.59154397819,88.4084560218098,Sell
2023-09-11,3710.0,3700.0,3691.4034973040507,18.59650269594931,Sell
2023-09-12,3700.0,3710.0,3701.2154506299107,-1.2154506299107197,Buy
2023-09-13,3720.0,3710.0,3701.2154506299107,18.78454937008928,Sell
2023-09-14,3710.0,3680.0,3671.77959065233,38.22040934766983,Sell
2023-09-15,3680.0,3720.0,3711.027403955771,-31.027403955771206,Buy
2023-09-18,3700.0,3680.0,3671.77959065233,28.22040934766983,Sell
2023-09-19,3690.0,3730.0,3720.8393572816317,-30.839357281631692,Buy
2023-09-20,3740.0,3810.0,3799.334983888514,-59.334983888514216,Buy
2023-09-21,3810.0,3810.0,3799.334983888514,10.665016111485784,Sell
2023-09-22,3830.0,3860.0,3848.3947505178157,-18.394750517815737,Buy
2023-09-25,3810.0,3770.0,3760.0871705850727,49.91282941492727,Sell
2023-09-26,3770.0,3760.0,3750.2752172592127,19.724782740787305,Sell
2023-09-27,3750.0,3720.0,3711.027403955771,38.972596044228794,Sell
2023-09-29,3730.0,3750.0,3740.463263933352,-10.46326393335221,Buy
2023-10-02,3750.0,3750.0,3740.463263933352,9.53673606664779,Sell
2023-10-03,3750.0,3770.0,3760.0871705850727,-10.087170585072727,Buy
2023-10-04,3800.0,3780.0,3769.899123910933,30.100876089066787,Sell
2023-10-05,3790.0,3720.0,3711.027403955771,78.9725960442288,Sell
2023-10-06,3780.0,3780.0,3769.899123910933,10.100876089066787,Sell
2023-10-09,3770.0,3760.0,3750.2752172592127,19.724782740787305,Sell
2023-10-10,3780.0,3810.0,3799.334983888514,-19.334983888514216,Buy
2023-10-11,3780.0,3780.0,3769.899123910933,10.100876089066787,Sell
2023-10-12,3820.0,3830.0,3818.9588905402347,1.0411094597652664,Sell
2023-10-13,3820.0,3850.0,3838.5827971919553,-18.58279719195525,Buy
2023-10-16,3850.0,3760.0,3750.2752172592127,99.7247827407873,Sell
2023-10-17,3780.0,3790.0,3779.7110772367932,0.2889227632067559,Sell
2023-10-18,3770.0,3750.0,3740.463263933352,29.53673606664779,Sell
2023-10-19,3730.0,3730.0,3720.8393572816317,9.160642718368308,Sell
2023-10-20,3720.0,3700.0,3691.4034973040507,28.59650269594931,Sell
2023-10-23,3710.0,3610.0,3603.0959173713077,106.90408262869232,Sell
2023-10-24,3640.0,3650.0,3642.343730674749,-2.3437306747491675,Buy
2023-10-25,3650.0,3600.0,3593.283964045447,56.71603595455281,Sell
2023-10-26,3600.0,3480.0,3475.5405241351236,124.45947586487637,Sell
2023-10-27,3480.0,3500.0,3495.164430786844,-15.16443078684415,Buy
2023-10-30,3500.0,3420.0,3416.6688041799616,83.33119582003837,Sell
2023-10-31,3400.0,3490.0,3485.352477460984,-85.35247746098412,Buy
2023-11-01,3600.0,3620.0,3612.907870697168,-12.907870697168164,Buy
2023-11-02,3690.0,3620.0,3612.907870697168,77.09212930283184,Sell
2023-11-03,3590.0,3570.0,3563.8481040678666,26.151895932133357,Sell
2023-11-06,3610.0,3650.0,3642.343730674749,-32.34373067474917,Buy
2023-11-07,3600.0,3570.0,3563.8481040678666,36.15189593213336,Sell
2023-11-08,3520.0,3520.0,3514.7883374385647,5.2116625614353325,Sell
2023-11-09,3500.0,3530.0,3524.600290764425,-24.600290764425154,Buy
2023-11-10,3520.0,3550.0,3544.2241974161457,-24.22419741614567,Buy
2023-11-13,3570.0,3520.0,3514.7883374385647,55.21166256143533,Sell
2023-11-14,3500.0,3500.0,3495.164430786844,4.83556921315585,Sell
2023-11-15,3520.0,3550.0,3544.2241974161457,-24.22419741614567,Buy
2023-11-16,3550.0,3540.0,3534.4122440902856,15.58775590971436,Sell
2023-11-17,3530.0,3550.0,3544.2241974161457,-14.224197416145671,Buy
2023-11-20,3560.0,3590.0,3583.472010719587,-23.47201071958716,Buy
2023-11-21,3590.0,3620.0,3612.907870697168,-22.907870697168164,Buy
2023-11-22,3610.0,3610.0,3603.0959173713077,6.904082628692322,Sell
2023-11-23,3610.0,3600.0,3593.283964045447,16.716035954552808,Sell
2023-11-24,3600.0,3620.0,3612.907870697168,-12.907870697168164,Buy
2023-11-27,3640.0,3680.0,3671.77959065233,-31.77959065233017,Buy
2023-11-28,3680.0,3770.0,3760.0871705850727,-80.08717058507273,Buy
2023-11-29,3750.0,3720.0,3711.027403955771,38.972596044228794,Sell
2023-11-30,3750.0,3760.0,3750.2752172592127,-0.27521725921269535,Buy
2023-12-01,3790.0,3830.0,3818.9588905402347,-28.958890540234734,Buy
2023-12-04,3840.0,3810.0,3799.334983888514,40.665016111485784,Sell
2023-12-05,3830.0,3850.0,3838.5827971919553,-8.582797191955251,Buy
2023-12-06,3900.0,3920.0,3907.2664704729777,-7.266470472977744,Buy
2023-12-07,3950.0,3910.0,3897.4545171471173,52.54548285288274,Sell
2023-12-08,3940.0,3940.0,3926.8903771246983,13.109622875301739,Sell
2023-12-11,3870.0,3980.0,3966.1381904281393,-96.1381904281393,Buy
2023-12-12,3940.0,3910.0,3897.4545171471173,42.54548285288274,Sell
2023-12-13,3870.0,3920.0,3907.2664704729777,-37.266470472977744,Buy
2023-12-14,3880.0,3940.0,3926.8903771246983,-46.89037712469826,Buy
2023-12-15,3940.0,3980.0,3966.1381904281393,-26.138190428139296,Buy
